n,algorithm,scenario,k,p,q,var,sep.means,nstart,nsteps,nsteps.c2,factor.nstart,factor.nsteps,balanced,seed,time,error,obj
150,1,1,3,200,5,0.01,0,100,20,20,5,1,1,1,5.84839487075806,0.373333333333333,169.358221289992
400,1,1,3,200,5,0.01,0,100,20,20,5,1,1,1,37.0854082107544,0.31,483.707448519033
150,2,1,3,200,5,0.01,0,100,20,20,5,1,1,1,6.17800402641296,0.0333333333333333,169.354999787365
400,2,1,3,200,5,0.01,0,100,20,20,5,1,1,1,41.2552220821381,0.02,482.276260654949
150,3,1,3,200,5,0.01,0,100,20,20,5,1,1,1,29.7325961589813,0.406666666666667,168.776036196002
400,3,1,3,200,5,0.01,0,100,20,20,5,1,1,1,186.164966106415,0.0775,483.403276528229
150,1,2,3,200,5,0.01,0,100,20,20,5,1,1,1,6.10765695571899,0.373333333333333,169.358221289992
400,1,2,3,200,5,0.01,0,100,20,20,5,1,1,1,41.0593030452728,0.31,483.707448519033
150,2,2,3,200,5,0.01,0,100,20,20,5,1,1,1,6.26877307891846,0.0333333333333333,169.354999787365
400,2,2,3,200,5,0.01,0,100,20,20,5,1,1,1,40.5797619819641,0.02,482.276260654949
150,3,2,3,200,5,0.01,0,100,20,20,5,1,1,1,30.3639149665833,0.406666666666667,168.776036196002
400,3,2,3,200,5,0.01,0,100,20,20,5,1,1,1,186.299804925919,0.0775,483.403276528229
150,1,1,3,200,5,0.01,0,400,20,20,5,1,1,1,23.7859749794006,0.466666666666667,169.158939872029
400,1,1,3,200,5,0.01,0,400,20,20,5,1,1,1,149.967315912247,0.0775,483.403276528229
150,2,1,3,200,5,0.01,0,400,20,20,5,1,1,1,24.1534860134125,0.04,169.453513799685
400,2,1,3,200,5,0.01,0,400,20,20,5,1,1,1,149.48170208931,0.09,482.498465148917
150,3,1,3,200,5,0.01,0,400,20,20,5,1,1,1,117.196882963181,0.346666666666667,167.726181505095
400,3,1,3,200,5,0.01,0,400,20,20,5,1,1,1,752.093163013458,0.325,482.855672467229
150,1,2,3,200,5,0.01,0,400,20,20,5,1,1,1,24.1802279949188,0.466666666666667,169.158939872029
400,1,2,3,200,5,0.01,0,400,20,20,5,1,1,1,150.101511955261,0.0775,483.403276528229
150,2,2,3,200,5,0.01,0,400,20,20,5,1,1,1,25.215744972229,0.04,169.453513799685
400,2,2,3,200,5,0.01,0,400,20,20,5,1,1,1,150.342769861221,0.09,482.498465148917
150,3,2,3,200,5,0.01,0,400,20,20,5,1,1,1,117.202792882919,0.346666666666667,167.726181505095
400,3,2,3,200,5,0.01,0,400,20,20,5,1,1,1,749.417280197144,0.325,482.855672467229
150,1,1,3,200,5,0.01,0,100,20,20,5,1,2,1,6.18301486968994,0.373333333333333,169.358221289992
400,1,1,3,200,5,0.01,0,100,20,20,5,1,2,1,40.9400761127472,0.31,483.707448519033
150,2,1,3,200,5,0.01,0,100,20,20,5,1,2,1,6.05082082748413,0.0333333333333333,169.354999787365
400,2,1,3,200,5,0.01,0,100,20,20,5,1,2,1,41.4747829437256,0.02,482.276260654949
150,3,1,3,200,5,0.01,0,100,20,20,5,1,2,1,29.9318158626556,0.406666666666667,168.776036196002
400,3,1,3,200,5,0.01,0,100,20,20,5,1,2,1,185.911535024643,0.0775,483.403276528229
150,1,2,3,200,5,0.01,0,100,20,20,5,1,2,1,6.02192401885986,0.373333333333333,169.358221289992
400,1,2,3,200,5,0.01,0,100,20,20,5,1,2,1,39.0221681594849,0.31,483.707448519033
150,2,2,3,200,5,0.01,0,100,20,20,5,1,2,1,6.03386402130127,0.0333333333333333,169.354999787365
400,2,2,3,200,5,0.01,0,100,20,20,5,1,2,1,39.7777540683746,0.02,482.276260654949
150,3,2,3,200,5,0.01,0,100,20,20,5,1,2,1,30.210312128067,0.406666666666667,168.776036196002
400,3,2,3,200,5,0.01,0,100,20,20,5,1,2,1,187.100372076035,0.0775,483.403276528229
150,1,1,3,200,5,0.01,0,400,20,20,5,1,2,1,24.1618280410767,0.466666666666667,169.158939872029
400,1,1,3,200,5,0.01,0,400,20,20,5,1,2,1,152.547966003418,0.0775,483.403276528229
150,2,1,3,200,5,0.01,0,400,20,20,5,1,2,1,23.7679929733276,0.04,169.453513799685
400,2,1,3,200,5,0.01,0,400,20,20,5,1,2,1,153.938040018082,0.09,482.498465148917
150,3,1,3,200,5,0.01,0,400,20,20,5,1,2,1,117.017956018448,0.346666666666667,167.726181505095
400,3,1,3,200,5,0.01,0,400,20,20,5,1,2,1,743.048715829849,0.325,482.855672467229
150,1,2,3,200,5,0.01,0,400,20,20,5,1,2,1,23.9794800281525,0.466666666666667,169.158939872029
400,1,2,3,200,5,0.01,0,400,20,20,5,1,2,1,150.707628965378,0.0775,483.403276528229
150,2,2,3,200,5,0.01,0,400,20,20,5,1,2,1,24.5319390296936,0.04,169.453513799685
400,2,2,3,200,5,0.01,0,400,20,20,5,1,2,1,152.650320053101,0.09,482.498465148917
150,3,2,3,200,5,0.01,0,400,20,20,5,1,2,1,114.329033136368,0.346666666666667,167.726181505095
400,3,2,3,200,5,0.01,0,400,20,20,5,1,2,1,745.086899995804,0.325,482.855672467229
150,1,1,3,200,5,0.01,0,100,20,20,5,1,1,2,6.5928909778595,0.233333333333333,169.838575045226
400,1,1,3,200,5,0.01,0,100,20,20,5,1,1,2,37.8341851234436,0.105,480.395256337972
150,2,1,3,200,5,0.01,0,100,20,20,5,1,1,2,6.78784799575806,0.0333333333333333,169.030218367087
400,2,1,3,200,5,0.01,0,100,20,20,5,1,1,2,37.7466490268707,0.0225,478.793497438932
150,3,1,3,200,5,0.01,0,100,20,20,5,1,1,2,31.3627049922943,0.373333333333333,168.249497747751
400,3,1,3,200,5,0.01,0,100,20,20,5,1,1,2,179.316871166229,0.1,479.944024178037
150,1,2,3,200,5,0.01,0,100,20,20,5,1,1,2,5.99696803092957,0.233333333333333,169.838575045226
400,1,2,3,200,5,0.01,0,100,20,20,5,1,1,2,34.4893329143524,0.105,480.395256337972
150,2,2,3,200,5,0.01,0,100,20,20,5,1,1,2,7.1050341129303,0.0333333333333333,169.030218367087
400,2,2,3,200,5,0.01,0,100,20,20,5,1,1,2,35.1196658611298,0.0225,478.793497438932
150,3,2,3,200,5,0.01,0,100,20,20,5,1,1,2,31.8089859485626,0.373333333333333,168.249497747751
400,3,2,3,200,5,0.01,0,100,20,20,5,1,1,2,184.711745977402,0.1,479.944024178037
150,1,1,3,200,5,0.01,0,400,20,20,5,1,1,2,25.6210968494415,0.373333333333333,168.249497747751
400,1,1,3,200,5,0.01,0,400,20,20,5,1,1,2,147.920079946518,0.1,479.944024178037
150,2,1,3,200,5,0.01,0,400,20,20,5,1,1,2,26.0279259681702,0.0266666666666667,169.116199220587
400,2,1,3,200,5,0.01,0,400,20,20,5,1,1,2,148.117958784103,0.045,478.707455328474
150,3,1,3,200,5,0.01,0,400,20,20,5,1,1,2,128.386365890503,0.433333333333333,167.97122018963
400,3,1,3,200,5,0.01,0,400,20,20,5,1,1,2,745.387315034866,0.1,479.944024178037
150,1,2,3,200,5,0.01,0,400,20,20,5,1,1,2,24.8490669727325,0.373333333333333,168.249497747751
400,1,2,3,200,5,0.01,0,400,20,20,5,1,1,2,150.123799085617,0.1,479.944024178037
150,2,2,3,200,5,0.01,0,400,20,20,5,1,1,2,25.8738288879395,0.0266666666666667,169.116199220587
400,2,2,3,200,5,0.01,0,400,20,20,5,1,1,2,146.989876031876,0.045,478.707455328474
150,3,2,3,200,5,0.01,0,400,20,20,5,1,1,2,128.03519487381,0.433333333333333,167.97122018963
400,3,2,3,200,5,0.01,0,400,20,20,5,1,1,2,733.932478904724,0.1,479.944024178037
150,1,1,3,200,5,0.01,0,100,20,20,5,1,2,2,6.62632012367249,0.233333333333333,169.838575045226
400,1,1,3,200,5,0.01,0,100,20,20,5,1,2,2,36.1054708957672,0.105,480.395256337972
150,2,1,3,200,5,0.01,0,100,20,20,5,1,2,2,6.64225387573242,0.0333333333333333,169.030218367087
400,2,1,3,200,5,0.01,0,100,20,20,5,1,2,2,37.8149528503418,0.0225,478.793497438932
150,3,1,3,200,5,0.01,0,100,20,20,5,1,2,2,32.0653810501099,0.373333333333333,168.249497747751
400,3,1,3,200,5,0.01,0,100,20,20,5,1,2,2,186.196621179581,0.1,479.944024178037
150,1,2,3,200,5,0.01,0,100,20,20,5,1,2,2,6.86564087867737,0.233333333333333,169.838575045226
400,1,2,3,200,5,0.01,0,100,20,20,5,1,2,2,37.9093189239502,0.105,480.395256337972
150,2,2,3,200,5,0.01,0,100,20,20,5,1,2,2,6.55807018280029,0.0333333333333333,169.030218367087
400,2,2,3,200,5,0.01,0,100,20,20,5,1,2,2,38.4268391132355,0.0225,478.793497438932
150,3,2,3,200,5,0.01,0,100,20,20,5,1,2,2,31.0784180164337,0.373333333333333,168.249497747751
400,3,2,3,200,5,0.01,0,100,20,20,5,1,2,2,184.803916931152,0.1,479.944024178037
150,1,1,3,200,5,0.01,0,400,20,20,5,1,2,2,25.3866398334503,0.373333333333333,168.249497747751
400,1,1,3,200,5,0.01,0,400,20,20,5,1,2,2,147.295951128006,0.1,479.944024178037
150,2,1,3,200,5,0.01,0,400,20,20,5,1,2,2,26.5650057792664,0.0266666666666667,169.116199220587
400,2,1,3,200,5,0.01,0,400,20,20,5,1,2,2,148.52041220665,0.045,478.707455328474
150,3,1,3,200,5,0.01,0,400,20,20,5,1,2,2,126.583287000656,0.433333333333333,167.97122018963
400,3,1,3,200,5,0.01,0,400,20,20,5,1,2,2,737.383681058884,0.1,479.944024178037
150,1,2,3,200,5,0.01,0,400,20,20,5,1,2,2,24.642786026001,0.373333333333333,168.249497747751
400,1,2,3,200,5,0.01,0,400,20,20,5,1,2,2,147.108021020889,0.1,479.944024178037
150,2,2,3,200,5,0.01,0,400,20,20,5,1,2,2,25.2054150104523,0.0266666666666667,169.116199220587
400,2,2,3,200,5,0.01,0,400,20,20,5,1,2,2,150.030243873596,0.045,478.707455328474
150,3,2,3,200,5,0.01,0,400,20,20,5,1,2,2,128.554162979126,0.433333333333333,167.97122018963
400,3,2,3,200,5,0.01,0,400,20,20,5,1,2,2,736.930927038193,0.1,479.944024178037
150,1,1,3,200,5,0.01,0,100,20,20,5,1,1,3,5.72269701957703,0.366666666666667,169.257266730854
400,1,1,3,200,5,0.01,0,100,20,20,5,1,1,3,38.6049330234528,0.1625,480.849271802158
150,2,1,3,200,5,0.01,0,100,20,20,5,1,1,3,5.7167329788208,0.06,168.96694886183
400,2,1,3,200,5,0.01,0,100,20,20,5,1,1,3,38.7000789642334,0.065,479.317713076636
150,3,1,3,200,5,0.01,0,100,20,20,5,1,1,3,29.6967639923096,0.386666666666667,167.475395624935
400,3,1,3,200,5,0.01,0,100,20,20,5,1,1,3,189.119683980942,0.35,480.521923585814
150,1,2,3,200,5,0.01,0,100,20,20,5,1,1,3,5.64741015434265,0.366666666666667,169.257266730854
400,1,2,3,200,5,0.01,0,100,20,20,5,1,1,3,39.1299889087677,0.1625,480.849271802158
150,2,2,3,200,5,0.01,0,100,20,20,5,1,1,3,5.84337496757507,0.06,168.96694886183
400,2,2,3,200,5,0.01,0,100,20,20,5,1,1,3,40.3210411071777,0.065,479.317713076636
150,3,2,3,200,5,0.01,0,100,20,20,5,1,1,3,30.8191390037537,0.386666666666667,167.475395624935
400,3,2,3,200,5,0.01,0,100,20,20,5,1,1,3,187.530067205429,0.35,480.521923585814
150,1,1,3,200,5,0.01,0,400,20,20,5,1,1,3,23.0329520702362,0.386666666666667,167.475395624935
400,1,1,3,200,5,0.01,0,400,20,20,5,1,1,3,141.327305078506,0.35,480.521923585814
150,2,1,3,200,5,0.01,0,400,20,20,5,1,1,3,19.1696009635925,0.1,169.055967235891
400,2,1,3,200,5,0.01,0,400,20,20,5,1,1,3,113.372709035873,0.0675,479.370223043387
150,3,1,3,200,5,0.01,0,400,20,20,5,1,1,3,83.4633049964905,0.38,166.860858911765
400,3,1,3,200,5,0.01,0,400,20,20,5,1,1,3,763.827366113663,0.3575,480.026913464813
150,1,2,3,200,5,0.01,0,400,20,20,5,1,1,3,23.4398860931396,0.386666666666667,167.475395624935
400,1,2,3,200,5,0.01,0,400,20,20,5,1,1,3,151.208229064941,0.35,480.521923585814
150,2,2,3,200,5,0.01,0,400,20,20,5,1,1,3,22.9525520801544,0.1,169.055967235891
400,2,2,3,200,5,0.01,0,400,20,20,5,1,1,3,153.703313112259,0.0675,479.370223043387
150,3,2,3,200,5,0.01,0,400,20,20,5,1,1,3,120.094826936722,0.38,166.860858911765
400,3,2,3,200,5,0.01,0,400,20,20,5,1,1,3,771.473120212555,0.3575,480.026913464813
150,1,1,3,200,5,0.01,0,100,20,20,5,1,2,3,5.36271381378174,0.366666666666667,169.257266730854
400,1,1,3,200,5,0.01,0,100,20,20,5,1,2,3,38.5515549182892,0.1625,480.849271802158
150,2,1,3,200,5,0.01,0,100,20,20,5,1,2,3,5.76810002326965,0.06,168.96694886183
400,2,1,3,200,5,0.01,0,100,20,20,5,1,2,3,38.7569401264191,0.065,479.317713076636
150,3,1,3,200,5,0.01,0,100,20,20,5,1,2,3,28.8324501514435,0.386666666666667,167.475395624935
400,3,1,3,200,5,0.01,0,100,20,20,5,1,2,3,188.711716175079,0.35,480.521923585814
150,1,2,3,200,5,0.01,0,100,20,20,5,1,2,3,5.55895686149597,0.366666666666667,169.257266730854
400,1,2,3,200,5,0.01,0,100,20,20,5,1,2,3,39.6316800117493,0.1625,480.849271802158
150,2,2,3,200,5,0.01,0,100,20,20,5,1,2,3,5.85087919235229,0.06,168.96694886183
400,2,2,3,200,5,0.01,0,100,20,20,5,1,2,3,39.9246740341187,0.065,479.317713076636
150,3,2,3,200,5,0.01,0,100,20,20,5,1,2,3,29.6333270072937,0.386666666666667,167.475395624935
400,3,2,3,200,5,0.01,0,100,20,20,5,1,2,3,190.054650068283,0.35,480.521923585814
150,1,1,3,200,5,0.01,0,400,20,20,5,1,2,3,22.5193960666656,0.386666666666667,167.475395624935
400,1,1,3,200,5,0.01,0,400,20,20,5,1,2,3,153.653034925461,0.35,480.521923585814
150,2,1,3,200,5,0.01,0,400,20,20,5,1,2,3,24.1469690799713,0.1,169.055967235891
400,2,1,3,200,5,0.01,0,400,20,20,5,1,2,3,153.486518144608,0.0675,479.370223043387
150,3,1,3,200,5,0.01,0,400,20,20,5,1,2,3,118.563898086548,0.38,166.860858911765
400,3,1,3,200,5,0.01,0,400,20,20,5,1,2,3,769.970580816269,0.3575,480.026913464813
150,1,2,3,200,5,0.01,0,400,20,20,5,1,2,3,23.3374900817871,0.386666666666667,167.475395624935
400,1,2,3,200,5,0.01,0,400,20,20,5,1,2,3,153.249049901962,0.35,480.521923585814
150,2,2,3,200,5,0.01,0,400,20,20,5,1,2,3,23.9809849262238,0.1,169.055967235891
400,2,2,3,200,5,0.01,0,400,20,20,5,1,2,3,153.722820997238,0.0675,479.370223043387
150,3,2,3,200,5,0.01,0,400,20,20,5,1,2,3,120.349252939224,0.38,166.860858911765
400,3,2,3,200,5,0.01,0,400,20,20,5,1,2,3,768.977452993393,0.3575,480.026913464813
150,1,1,3,200,5,0.01,0,100,20,20,5,1,1,4,6.26524615287781,0.366666666666667,169.184180620882
400,1,1,3,200,5,0.01,0,100,20,20,5,1,1,4,38.2901802062988,0.0975,483.951533337279
150,2,1,3,200,5,0.01,0,100,20,20,5,1,1,4,6.04633808135986,0.0266666666666667,170.015360452958
400,2,1,3,200,5,0.01,0,100,20,20,5,1,1,4,37.6286599636078,0.0325,482.111786345827
150,3,1,3,200,5,0.01,0,100,20,20,5,1,1,4,28.9441699981689,0.42,168.823410051174
400,3,1,3,200,5,0.01,0,100,20,20,5,1,1,4,189.745012998581,0.0475,482.538593811706
150,1,2,3,200,5,0.01,0,100,20,20,5,1,1,4,5.84736394882202,0.366666666666667,169.184180620882
400,1,2,3,200,5,0.01,0,100,20,20,5,1,1,4,36.7124311923981,0.0975,483.951533337279
150,2,2,3,200,5,0.01,0,100,20,20,5,1,1,4,5.86699295043945,0.0266666666666667,170.015360452958
400,2,2,3,200,5,0.01,0,100,20,20,5,1,1,4,38.2313079833984,0.0325,482.111786345827
150,3,2,3,200,5,0.01,0,100,20,20,5,1,1,4,29.3785231113434,0.42,168.823410051174
400,3,2,3,200,5,0.01,0,100,20,20,5,1,1,4,187.776126861572,0.0475,482.538593811706
150,1,1,3,200,5,0.01,0,400,20,20,5,1,1,4,23.9315731525421,0.42,168.823410051174
400,1,1,3,200,5,0.01,0,400,20,20,5,1,1,4,152.189517974854,0.1175,483.476072660896
150,2,1,3,200,5,0.01,0,400,20,20,5,1,1,4,23.8702421188354,0.0466666666666667,170.17182151385
400,2,1,3,200,5,0.01,0,400,20,20,5,1,1,4,150.845508098602,0.0325,482.157885481893
150,3,1,3,200,5,0.01,0,400,20,20,5,1,1,4,116.629124164581,0.366666666666667,168.517029456774
400,3,1,3,200,5,0.01,0,400,20,20,5,1,1,4,617.271338939667,0.0475,482.538593811706
150,1,2,3,200,5,0.01,0,400,20,20,5,1,1,4,14.1870651245117,0.42,168.823410051174
400,1,2,3,200,5,0.01,0,400,20,20,5,1,1,4,92.0818920135498,0.1175,483.476072660896
150,2,2,3,200,5,0.01,0,400,20,20,5,1,1,4,13.9766390323639,0.0466666666666667,170.17182151385
400,2,2,3,200,5,0.01,0,400,20,20,5,1,1,4,91.513699054718,0.0325,482.157885481893
150,3,2,3,200,5,0.01,0,400,20,20,5,1,1,4,68.8413491249084,0.366666666666667,168.517029456774
400,3,2,3,200,5,0.01,0,400,20,20,5,1,1,4,423.603517055511,0.0475,482.538593811706
150,1,1,3,200,5,0.01,0,100,20,20,5,1,2,4,3.32710981369019,0.366666666666667,169.184180620882
400,1,1,3,200,5,0.01,0,100,20,20,5,1,2,4,34.0405628681183,0.0975,483.951533337279
150,2,1,3,200,5,0.01,0,100,20,20,5,1,2,4,5.55665111541748,0.0266666666666667,170.015360452958
400,2,1,3,200,5,0.01,0,100,20,20,5,1,2,4,37.5351781845093,0.0325,482.111786345827
150,3,1,3,200,5,0.01,0,100,20,20,5,1,2,4,29.3944699764252,0.42,168.823410051174
400,3,1,3,200,5,0.01,0,100,20,20,5,1,2,4,185.716674804688,0.0475,482.538593811706
150,1,2,3,200,5,0.01,0,100,20,20,5,1,2,4,6.36000800132751,0.366666666666667,169.184180620882
400,1,2,3,200,5,0.01,0,100,20,20,5,1,2,4,37.0485079288483,0.0975,483.951533337279
150,2,2,3,200,5,0.01,0,100,20,20,5,1,2,4,6.04336810112,0.0266666666666667,170.015360452958
400,2,2,3,200,5,0.01,0,100,20,20,5,1,2,4,37.6674270629883,0.0325,482.111786345827
150,3,2,3,200,5,0.01,0,100,20,20,5,1,2,4,29.5003020763397,0.42,168.823410051174
400,3,2,3,200,5,0.01,0,100,20,20,5,1,2,4,186.561316013336,0.0475,482.538593811706
150,1,1,3,200,5,0.01,0,400,20,20,5,1,2,4,24.0710248947144,0.42,168.823410051174
400,1,1,3,200,5,0.01,0,400,20,20,5,1,2,4,152.02433013916,0.1175,483.476072660896
150,2,1,3,200,5,0.01,0,400,20,20,5,1,2,4,23.6294040679932,0.0466666666666667,170.17182151385
400,2,1,3,200,5,0.01,0,400,20,20,5,1,2,4,152.998302936554,0.0325,482.157885481893
150,3,1,3,200,5,0.01,0,400,20,20,5,1,2,4,118.079846858978,0.366666666666667,168.517029456774
400,3,1,3,200,5,0.01,0,400,20,20,5,1,2,4,763.013164043427,0.0475,482.538593811706
150,1,2,3,200,5,0.01,0,400,20,20,5,1,2,4,24.5222980976105,0.42,168.823410051174
400,1,2,3,200,5,0.01,0,400,20,20,5,1,2,4,152.260750055313,0.1175,483.476072660896
150,2,2,3,200,5,0.01,0,400,20,20,5,1,2,4,24.2388451099396,0.0466666666666667,170.17182151385
400,2,2,3,200,5,0.01,0,400,20,20,5,1,2,4,149.818686962128,0.0325,482.157885481893
150,3,2,3,200,5,0.01,0,400,20,20,5,1,2,4,117.151436090469,0.366666666666667,168.517029456774
400,3,2,3,200,5,0.01,0,400,20,20,5,1,2,4,759.42805480957,0.0475,482.538593811706
150,1,1,3,200,5,0.01,0,100,20,20,5,1,1,5,6.12362885475159,0.366666666666667,168.653690570498
400,1,1,3,200,5,0.01,0,100,20,20,5,1,1,5,38.8406848907471,0.28,480.974689798915
150,2,1,3,200,5,0.01,0,100,20,20,5,1,1,5,6.17448782920837,0.02,169.918517707676
400,2,1,3,200,5,0.01,0,100,20,20,5,1,1,5,40.3717331886292,0.05,478.980441334625
150,3,1,3,200,5,0.01,0,100,20,20,5,1,1,5,31.633800983429,0.366666666666667,168.653690570498
400,3,1,3,200,5,0.01,0,100,20,20,5,1,1,5,189.333897829056,0.075,479.98445373427
150,1,2,3,200,5,0.01,0,100,20,20,5,1,1,5,6.45176196098328,0.366666666666667,168.653690570498
400,1,2,3,200,5,0.01,0,100,20,20,5,1,1,5,39.6978349685669,0.28,480.974689798915
150,2,2,3,200,5,0.01,0,100,20,20,5,1,1,5,6.50861215591431,0.02,169.918517707676
400,2,2,3,200,5,0.01,0,100,20,20,5,1,1,5,39.9398040771484,0.05,478.980441334625
150,3,2,3,200,5,0.01,0,100,20,20,5,1,1,5,32.0728480815887,0.366666666666667,168.653690570498
400,3,2,3,200,5,0.01,0,100,20,20,5,1,1,5,189.548356056213,0.075,479.98445373427
150,1,1,3,200,5,0.01,0,400,20,20,5,1,1,5,25.6378390789032,0.366666666666667,168.653690570498
400,1,1,3,200,5,0.01,0,400,20,20,5,1,1,5,150.994632959366,0.075,479.98445373427
150,2,1,3,200,5,0.01,0,400,20,20,5,1,1,5,25.8372988700867,0.0133333333333333,169.834276469989
400,2,1,3,200,5,0.01,0,400,20,20,5,1,1,5,150.245573043823,0.0425,478.745724859962
150,3,1,3,200,5,0.01,0,400,20,20,5,1,1,5,125.310805082321,0.366666666666667,168.653690570498
400,3,1,3,200,5,0.01,0,400,20,20,5,1,1,5,747.820522069931,0.075,479.98445373427
150,1,2,3,200,5,0.01,0,400,20,20,5,1,1,5,25.1767659187317,0.366666666666667,168.653690570498
400,1,2,3,200,5,0.01,0,400,20,20,5,1,1,5,150.800812005997,0.075,479.98445373427
150,2,2,3,200,5,0.01,0,400,20,20,5,1,1,5,25.8065450191498,0.0133333333333333,169.834276469989
400,2,2,3,200,5,0.01,0,400,20,20,5,1,1,5,151.237608909607,0.0425,478.745724859962
150,3,2,3,200,5,0.01,0,400,20,20,5,1,1,5,121.872841835022,0.366666666666667,168.653690570498
400,3,2,3,200,5,0.01,0,400,20,20,5,1,1,5,747.807444095612,0.075,479.98445373427
150,1,1,3,200,5,0.01,0,100,20,20,5,1,2,5,6.27822494506836,0.366666666666667,168.653690570498
400,1,1,3,200,5,0.01,0,100,20,20,5,1,2,5,39.7253460884094,0.28,480.974689798915
150,2,1,3,200,5,0.01,0,100,20,20,5,1,2,5,6.58839392662048,0.02,169.918517707676
400,2,1,3,200,5,0.01,0,100,20,20,5,1,2,5,40.4230070114136,0.05,478.980441334625
150,3,1,3,200,5,0.01,0,100,20,20,5,1,2,5,32.2065439224243,0.366666666666667,168.653690570498
400,3,1,3,200,5,0.01,0,100,20,20,5,1,2,5,184.027667999268,0.075,479.98445373427
150,1,2,3,200,5,0.01,0,100,20,20,5,1,2,5,5.95807385444641,0.366666666666667,168.653690570498
400,1,2,3,200,5,0.01,0,100,20,20,5,1,2,5,37.6135017871857,0.28,480.974689798915
150,2,2,3,200,5,0.01,0,100,20,20,5,1,2,5,6.24183583259583,0.02,169.918517707676
400,2,2,3,200,5,0.01,0,100,20,20,5,1,2,5,35.6949760913849,0.05,478.980441334625
150,3,2,3,200,5,0.01,0,100,20,20,5,1,2,5,30.1729109287262,0.366666666666667,168.653690570498
400,3,2,3,200,5,0.01,0,100,20,20,5,1,2,5,191.301331043243,0.075,479.98445373427
150,1,1,3,200,5,0.01,0,400,20,20,5,1,2,5,25.8691229820251,0.366666666666667,168.653690570498
400,1,1,3,200,5,0.01,0,400,20,20,5,1,2,5,150.718147039413,0.075,479.98445373427
150,2,1,3,200,5,0.01,0,400,20,20,5,1,2,5,25.4405598640442,0.0133333333333333,169.834276469989
400,2,1,3,200,5,0.01,0,400,20,20,5,1,2,5,150.230768918991,0.0425,478.745724859962
150,3,1,3,200,5,0.01,0,400,20,20,5,1,2,5,124.718702077866,0.366666666666667,168.653690570498
400,3,1,3,200,5,0.01,0,400,20,20,5,1,2,5,737.531257867813,0.075,479.98445373427
150,1,2,3,200,5,0.01,0,400,20,20,5,1,2,5,25.1198871135712,0.366666666666667,168.653690570498
400,1,2,3,200,5,0.01,0,400,20,20,5,1,2,5,147.48595905304,0.075,479.98445373427
150,2,2,3,200,5,0.01,0,400,20,20,5,1,2,5,25.7906141281128,0.0133333333333333,169.834276469989
400,2,2,3,200,5,0.01,0,400,20,20,5,1,2,5,148.873610019684,0.0425,478.745724859962
150,3,2,3,200,5,0.01,0,400,20,20,5,1,2,5,124.481262922287,0.366666666666667,168.653690570498
400,3,2,3,200,5,0.01,0,400,20,20,5,1,2,5,748.157917022705,0.075,479.98445373427
150,1,1,3,200,5,0.01,0,100,20,20,5,1,1,6,5.84388613700867,0.34,170.760792932475
400,1,1,3,200,5,0.01,0,100,20,20,5,1,1,6,39.0985908508301,0.285,484.179832262092
150,2,1,3,200,5,0.01,0,100,20,20,5,1,1,6,5.85725498199463,0.00666666666666667,171.154243486948
400,2,1,3,200,5,0.01,0,100,20,20,5,1,1,6,40.5960531234741,0.0325,481.71210109603
150,3,1,3,200,5,0.01,0,100,20,20,5,1,1,6,31.6000809669495,0.366666666666667,169.241686410201
400,3,1,3,200,5,0.01,0,100,20,20,5,1,1,6,192.878322124481,0.1375,483.446055948042
150,1,2,3,200,5,0.01,0,100,20,20,5,1,1,6,6.18346381187439,0.34,170.760792932475
400,1,2,3,200,5,0.01,0,100,20,20,5,1,1,6,40.0516350269318,0.285,484.179832262092
150,2,2,3,200,5,0.01,0,100,20,20,5,1,1,6,6.41235995292664,0.00666666666666667,171.154243486948
400,2,2,3,200,5,0.01,0,100,20,20,5,1,1,6,39.6072399616241,0.0325,481.71210109603
150,3,2,3,200,5,0.01,0,100,20,20,5,1,1,6,30.5673019886017,0.366666666666667,169.241686410201
400,3,2,3,200,5,0.01,0,100,20,20,5,1,1,6,193.53656411171,0.1375,483.446055948042
150,1,1,3,200,5,0.01,0,400,20,20,5,1,1,6,24.8770208358765,0.426666666666667,170.164554908591
400,1,1,3,200,5,0.01,0,400,20,20,5,1,1,6,158.655537128448,0.1375,483.446055948042
150,2,1,3,200,5,0.01,0,400,20,20,5,1,1,6,25.1433289051056,0.0333333333333333,171.21255011808
400,2,1,3,200,5,0.01,0,400,20,20,5,1,1,6,155.980479001999,0.055,481.924460939249
150,3,1,3,200,5,0.01,0,400,20,20,5,1,1,6,121.174226999283,0.38,169.109639560658
400,3,1,3,200,5,0.01,0,400,20,20,5,1,1,6,759.946878910065,0.0825,482.554278369139
150,1,2,3,200,5,0.01,0,400,20,20,5,1,1,6,24.6557769775391,0.426666666666667,170.164554908591
400,1,2,3,200,5,0.01,0,400,20,20,5,1,1,6,155.44150185585,0.1375,483.446055948042
150,2,2,3,200,5,0.01,0,400,20,20,5,1,1,6,25.4879460334778,0.0333333333333333,171.21255011808
400,2,2,3,200,5,0.01,0,400,20,20,5,1,1,6,157.058967113495,0.055,481.924460939249
150,3,2,3,200,5,0.01,0,400,20,20,5,1,1,6,121.590276956558,0.38,169.109639560658
400,3,2,3,200,5,0.01,0,400,20,20,5,1,1,6,752.778600931168,0.0825,482.554278369139
150,1,1,3,200,5,0.01,0,100,20,20,5,1,2,6,6.17051911354065,0.34,170.760792932475
400,1,1,3,200,5,0.01,0,100,20,20,5,1,2,6,40.0504841804504,0.285,484.179832262092
150,2,1,3,200,5,0.01,0,100,20,20,5,1,2,6,6.51061105728149,0.00666666666666667,171.154243486948
400,2,1,3,200,5,0.01,0,100,20,20,5,1,2,6,39.1021180152893,0.0325,481.71210109603
150,3,1,3,200,5,0.01,0,100,20,20,5,1,2,6,30.9722239971161,0.366666666666667,169.241686410201
400,3,1,3,200,5,0.01,0,100,20,20,5,1,2,6,192.570021867752,0.1375,483.446055948042
150,1,2,3,200,5,0.01,0,100,20,20,5,1,2,6,5.98052191734314,0.34,170.760792932475
400,1,2,3,200,5,0.01,0,100,20,20,5,1,2,6,38.8001110553741,0.285,484.179832262092
150,2,2,3,200,5,0.01,0,100,20,20,5,1,2,6,6.11266803741455,0.00666666666666667,171.154243486948
400,2,2,3,200,5,0.01,0,100,20,20,5,1,2,6,38.8357241153717,0.0325,481.71210109603
150,3,2,3,200,5,0.01,0,100,20,20,5,1,2,6,30.6027231216431,0.366666666666667,169.241686410201
400,3,2,3,200,5,0.01,0,100,20,20,5,1,2,6,190.571801900864,0.1375,483.446055948042
150,1,1,3,200,5,0.01,0,400,20,20,5,1,2,6,23.102746963501,0.426666666666667,170.164554908591
400,1,1,3,200,5,0.01,0,400,20,20,5,1,2,6,137.805672168732,0.1375,483.446055948042
150,2,1,3,200,5,0.01,0,400,20,20,5,1,2,6,16.4794518947601,0.0333333333333333,171.21255011808
400,2,1,3,200,5,0.01,0,400,20,20,5,1,2,6,120.218764066696,0.055,481.924460939249
150,3,1,3,200,5,0.01,0,400,20,20,5,1,2,6,75.9857151508331,0.38,169.109639560658
400,3,1,3,200,5,0.01,0,400,20,20,5,1,2,6,447.369996070862,0.0825,482.554278369139
150,1,2,3,200,5,0.01,0,400,20,20,5,1,2,6,23.2828118801117,0.426666666666667,170.164554908591
400,1,2,3,200,5,0.01,0,400,20,20,5,1,2,6,152.907912969589,0.1375,483.446055948042
150,2,2,3,200,5,0.01,0,400,20,20,5,1,2,6,25.2978599071503,0.0333333333333333,171.21255011808
400,2,2,3,200,5,0.01,0,400,20,20,5,1,2,6,160.377971172333,0.055,481.924460939249
150,3,2,3,200,5,0.01,0,400,20,20,5,1,2,6,122.860404968262,0.38,169.109639560658
400,3,2,3,200,5,0.01,0,400,20,20,5,1,2,6,760.571813106537,0.0825,482.554278369139
150,1,1,3,200,5,0.01,0,100,20,20,5,1,1,7,5.90123510360718,0.406666666666667,167.764751451418
400,1,1,3,200,5,0.01,0,100,20,20,5,1,1,7,36.3842880725861,0.185,481.533950415065
150,2,1,3,200,5,0.01,0,100,20,20,5,1,1,7,6.08675813674927,0.0666666666666667,169.008026615062
400,2,1,3,200,5,0.01,0,100,20,20,5,1,1,7,36.3773889541626,0.045,479.885287583519
150,3,1,3,200,5,0.01,0,100,20,20,5,1,1,7,29.4242861270905,0.406666666666667,167.764751451418
400,3,1,3,200,5,0.01,0,100,20,20,5,1,1,7,187.839572906494,0.07,480.22048701039
150,1,2,3,200,5,0.01,0,100,20,20,5,1,1,7,6.05382800102234,0.406666666666667,167.764751451418
400,1,2,3,200,5,0.01,0,100,20,20,5,1,1,7,37.5711748600006,0.185,481.533950415065
150,2,2,3,200,5,0.01,0,100,20,20,5,1,1,7,5.70374703407288,0.0666666666666667,169.008026615062
400,2,2,3,200,5,0.01,0,100,20,20,5,1,1,7,36.8111789226532,0.045,479.885287583519
150,3,2,3,200,5,0.01,0,100,20,20,5,1,1,7,29.4122550487518,0.406666666666667,167.764751451418
400,3,2,3,200,5,0.01,0,100,20,20,5,1,1,7,191.119251966476,0.07,480.22048701039
150,1,1,3,200,5,0.01,0,400,20,20,5,1,1,7,23.7246201038361,0.406666666666667,167.764751451418
400,1,1,3,200,5,0.01,0,400,20,20,5,1,1,7,147.593831062317,0.07,480.22048701039
150,2,1,3,200,5,0.01,0,400,20,20,5,1,1,7,24.4411919116974,0.0533333333333333,168.794026176181
400,2,1,3,200,5,0.01,0,400,20,20,5,1,1,7,149.496538162231,0.0825,480.063015608394
150,3,1,3,200,5,0.01,0,400,20,20,5,1,1,7,121.01593208313,0.393333333333333,167.610126203194
400,3,1,3,200,5,0.01,0,400,20,20,5,1,1,7,751.548794984818,0.07,480.22048701039
150,1,2,3,200,5,0.01,0,400,20,20,5,1,1,7,25.14129114151,0.406666666666667,167.764751451418
400,1,2,3,200,5,0.01,0,400,20,20,5,1,1,7,147.655100822449,0.07,480.22048701039
150,2,2,3,200,5,0.01,0,400,20,20,5,1,1,7,24.1714179515839,0.0533333333333333,168.794026176181
400,2,2,3,200,5,0.01,0,400,20,20,5,1,1,7,148.82032084465,0.0825,480.063015608394
150,3,2,3,200,5,0.01,0,400,20,20,5,1,1,7,118.609853029251,0.393333333333333,167.610126203194
400,3,2,3,200,5,0.01,0,400,20,20,5,1,1,7,759.270599842072,0.07,480.22048701039
150,1,1,3,200,5,0.01,0,100,20,20,5,1,2,7,6.2258620262146,0.406666666666667,167.764751451418
400,1,1,3,200,5,0.01,0,100,20,20,5,1,2,7,36.34641289711,0.185,481.533950415065
150,2,1,3,200,5,0.01,0,100,20,20,5,1,2,7,6.22738099098206,0.0666666666666667,169.008026615062
400,2,1,3,200,5,0.01,0,100,20,20,5,1,2,7,36.9472990036011,0.045,479.885287583519
150,3,1,3,200,5,0.01,0,100,20,20,5,1,2,7,31.0521078109741,0.406666666666667,167.764751451418
400,3,1,3,200,5,0.01,0,100,20,20,5,1,2,7,189.642374038696,0.07,480.22048701039
150,1,2,3,200,5,0.01,0,100,20,20,5,1,2,7,5.79700493812561,0.406666666666667,167.764751451418
400,1,2,3,200,5,0.01,0,100,20,20,5,1,2,7,36.6445150375366,0.185,481.533950415065
150,2,2,3,200,5,0.01,0,100,20,20,5,1,2,7,5.70675802230835,0.0666666666666667,169.008026615062
400,2,2,3,200,5,0.01,0,100,20,20,5,1,2,7,37.0482151508331,0.045,479.885287583519
150,3,2,3,200,5,0.01,0,100,20,20,5,1,2,7,29.572732925415,0.406666666666667,167.764751451418
400,3,2,3,200,5,0.01,0,100,20,20,5,1,2,7,188.548928976059,0.07,480.22048701039
150,1,1,3,200,5,0.01,0,400,20,20,5,1,2,7,24.7110059261322,0.406666666666667,167.764751451418
400,1,1,3,200,5,0.01,0,400,20,20,5,1,2,7,148.963746070862,0.07,480.22048701039
150,2,1,3,200,5,0.01,0,400,20,20,5,1,2,7,24.8989541530609,0.0533333333333333,168.794026176181
400,2,1,3,200,5,0.01,0,400,20,20,5,1,2,7,150.33903002739,0.0825,480.063015608394
150,3,1,3,200,5,0.01,0,400,20,20,5,1,2,7,120.057666063309,0.393333333333333,167.610126203194
400,3,1,3,200,5,0.01,0,400,20,20,5,1,2,7,762.641820907593,0.07,480.22048701039
150,1,2,3,200,5,0.01,0,400,20,20,5,1,2,7,24.3065149784088,0.406666666666667,167.764751451418
400,1,2,3,200,5,0.01,0,400,20,20,5,1,2,7,150.36936211586,0.07,480.22048701039
150,2,2,3,200,5,0.01,0,400,20,20,5,1,2,7,24.986221075058,0.0533333333333333,168.794026176181
400,2,2,3,200,5,0.01,0,400,20,20,5,1,2,7,141.9406478405,0.0825,480.063015608394
150,3,2,3,200,5,0.01,0,400,20,20,5,1,2,7,96.9323348999023,0.393333333333333,167.610126203194
400,3,2,3,200,5,0.01,0,400,20,20,5,1,2,7,486.181366920471,0.07,480.22048701039
150,1,1,3,200,5,0.01,0,100,20,20,5,1,1,8,3.49665284156799,0.453333333333333,169.82472121937
400,1,1,3,200,5,0.01,0,100,20,20,5,1,1,8,21.6524589061737,0.335,481.264504859484
150,2,1,3,200,5,0.01,0,100,20,20,5,1,1,8,3.32360506057739,0.0866666666666667,170.295665897754
400,2,1,3,200,5,0.01,0,100,20,20,5,1,1,8,34.7626349925995,0.035,480.722427846972
150,3,1,3,200,5,0.01,0,100,20,20,5,1,1,8,28.8354489803314,0.44,168.948948766255
400,3,1,3,200,5,0.01,0,100,20,20,5,1,1,8,185.656170845032,0.335,481.264504859484
150,1,2,3,200,5,0.01,0,100,20,20,5,1,1,8,5.77261281013489,0.453333333333333,169.82472121937
400,1,2,3,200,5,0.01,0,100,20,20,5,1,1,8,36.5658781528473,0.335,481.264504859484
150,2,2,3,200,5,0.01,0,100,20,20,5,1,1,8,6.11520099639893,0.0866666666666667,170.295665897754
400,2,2,3,200,5,0.01,0,100,20,20,5,1,1,8,37.1322832107544,0.035,480.722427846972
150,3,2,3,200,5,0.01,0,100,20,20,5,1,1,8,30.60577917099,0.44,168.948948766255
400,3,2,3,200,5,0.01,0,100,20,20,5,1,1,8,183.85210108757,0.335,481.264504859484
150,1,1,3,200,5,0.01,0,400,20,20,5,1,1,8,22.6983740329742,0.44,168.948948766255
400,1,1,3,200,5,0.01,0,400,20,20,5,1,1,8,145.885622024536,0.335,481.264504859484
150,2,1,3,200,5,0.01,0,400,20,20,5,1,1,8,22.9322588443756,0.1,170.375967890666
400,2,1,3,200,5,0.01,0,400,20,20,5,1,1,8,147.347316980362,0.0375,481.099451627953
150,3,1,3,200,5,0.01,0,400,20,20,5,1,1,8,118.045699119568,0.366666666666667,168.766509549315
400,3,1,3,200,5,0.01,0,400,20,20,5,1,1,8,730.14829492569,0.335,481.264504859484
150,1,2,3,200,5,0.01,0,400,20,20,5,1,1,8,23.0708498954773,0.44,168.948948766255
400,1,2,3,200,5,0.01,0,400,20,20,5,1,1,8,146.416667222977,0.335,481.264504859484
150,2,2,3,200,5,0.01,0,400,20,20,5,1,1,8,22.8289699554443,0.1,170.375967890666
400,2,2,3,200,5,0.01,0,400,20,20,5,1,1,8,148.773717880249,0.0375,481.099451627953
150,3,2,3,200,5,0.01,0,400,20,20,5,1,1,8,115.365706920624,0.366666666666667,168.766509549315
400,3,2,3,200,5,0.01,0,400,20,20,5,1,1,8,732.158591985703,0.335,481.264504859484
150,1,1,3,200,5,0.01,0,100,20,20,5,1,2,8,5.8573579788208,0.453333333333333,169.82472121937
400,1,1,3,200,5,0.01,0,100,20,20,5,1,2,8,36.086156129837,0.335,481.264504859484
150,2,1,3,200,5,0.01,0,100,20,20,5,1,2,8,6.08624696731567,0.0866666666666667,170.295665897754
400,2,1,3,200,5,0.01,0,100,20,20,5,1,2,8,35.5624470710754,0.035,480.722427846972
150,3,1,3,200,5,0.01,0,100,20,20,5,1,2,8,29.1049029827118,0.44,168.948948766255
400,3,1,3,200,5,0.01,0,100,20,20,5,1,2,8,182.882300853729,0.335,481.264504859484
150,1,2,3,200,5,0.01,0,100,20,20,5,1,2,8,5.86482977867126,0.453333333333333,169.82472121937
400,1,2,3,200,5,0.01,0,100,20,20,5,1,2,8,35.88782787323,0.335,481.264504859484
150,2,2,3,200,5,0.01,0,100,20,20,5,1,2,8,6.13460993766785,0.0866666666666667,170.295665897754
400,2,2,3,200,5,0.01,0,100,20,20,5,1,2,8,35.7724571228027,0.035,480.722427846972
150,3,2,3,200,5,0.01,0,100,20,20,5,1,2,8,28.6080269813538,0.44,168.948948766255
400,3,2,3,200,5,0.01,0,100,20,20,5,1,2,8,184.16765499115,0.335,481.264504859484
150,1,1,3,200,5,0.01,0,400,20,20,5,1,2,8,23.4687700271606,0.44,168.948948766255
400,1,1,3,200,5,0.01,0,400,20,20,5,1,2,8,147.931893110275,0.335,481.264504859484
150,2,1,3,200,5,0.01,0,400,20,20,5,1,2,8,24.3582208156586,0.1,170.375967890666
400,2,1,3,200,5,0.01,0,400,20,20,5,1,2,8,149.123636007309,0.0375,481.099451627953
150,3,1,3,200,5,0.01,0,400,20,20,5,1,2,8,114.946214914322,0.366666666666667,168.766509549315
400,3,1,3,200,5,0.01,0,400,20,20,5,1,2,8,736.969420909882,0.335,481.264504859484
150,1,2,3,200,5,0.01,0,400,20,20,5,1,2,8,23.4409120082855,0.44,168.948948766255
400,1,2,3,200,5,0.01,0,400,20,20,5,1,2,8,147.13349199295,0.335,481.264504859484
150,2,2,3,200,5,0.01,0,400,20,20,5,1,2,8,23.8398718833923,0.1,170.375967890666
400,2,2,3,200,5,0.01,0,400,20,20,5,1,2,8,149.246519088745,0.0375,481.099451627953
150,3,2,3,200,5,0.01,0,400,20,20,5,1,2,8,116.957453012466,0.366666666666667,168.766509549315
400,3,2,3,200,5,0.01,0,400,20,20,5,1,2,8,739.810205936432,0.335,481.264504859484
150,1,1,3,200,5,0.01,0,100,20,20,5,1,1,9,6.51557612419128,0.446666666666667,168.722718871885
400,1,1,3,200,5,0.01,0,100,20,20,5,1,1,9,38.4108488559723,0.205,483.134847494355
150,2,1,3,200,5,0.01,0,100,20,20,5,1,1,9,6.8058009147644,0.0333333333333333,169.376319575529
400,2,1,3,200,5,0.01,0,100,20,20,5,1,1,9,39.428652048111,0.06,481.2240629552
150,3,1,3,200,5,0.01,0,100,20,20,5,1,1,9,31.5851418972015,0.36,167.216849176605
400,3,1,3,200,5,0.01,0,100,20,20,5,1,1,9,195.536875963211,0.105,482.298482684741
150,1,2,3,200,5,0.01,0,100,20,20,5,1,1,9,6.46126699447632,0.446666666666667,168.722718871885
400,1,2,3,200,5,0.01,0,100,20,20,5,1,1,9,39.1987991333008,0.205,483.134847494355
150,2,2,3,200,5,0.01,0,100,20,20,5,1,1,9,6.42532515525818,0.0333333333333333,169.376319575529
400,2,2,3,200,5,0.01,0,100,20,20,5,1,1,9,38.9963390827179,0.06,481.2240629552
150,3,2,3,200,5,0.01,0,100,20,20,5,1,1,9,31.7980420589447,0.36,167.216849176605
400,3,2,3,200,5,0.01,0,100,20,20,5,1,1,9,191.217033147812,0.105,482.298482684741
150,1,1,3,200,5,0.01,0,400,20,20,5,1,1,9,25.8858599662781,0.486666666666667,167.879363681697
400,1,1,3,200,5,0.01,0,400,20,20,5,1,1,9,154.43085193634,0.105,482.298482684741
150,2,1,3,200,5,0.01,0,400,20,20,5,1,1,9,25.8356199264526,0.08,169.439230438011
400,2,1,3,200,5,0.01,0,400,20,20,5,1,1,9,155.064385890961,0.0725,481.269971731418
150,3,1,3,200,5,0.01,0,400,20,20,5,1,1,9,125.500126838684,0.36,167.216849176605
400,3,1,3,200,5,0.01,0,400,20,20,5,1,1,9,772.842885971069,0.385,482.20917910668
150,1,2,3,200,5,0.01,0,400,20,20,5,1,1,9,24.9408931732178,0.486666666666667,167.879363681697
400,1,2,3,200,5,0.01,0,400,20,20,5,1,1,9,158.123046159744,0.105,482.298482684741
150,2,2,3,200,5,0.01,0,400,20,20,5,1,1,9,25.6064319610596,0.08,169.439230438011
400,2,2,3,200,5,0.01,0,400,20,20,5,1,1,9,156.473890066147,0.0725,481.269971731418
150,3,2,3,200,5,0.01,0,400,20,20,5,1,1,9,128.589803934097,0.36,167.216849176605
400,3,2,3,200,5,0.01,0,400,20,20,5,1,1,9,775.49841594696,0.385,482.20917910668
150,1,1,3,200,5,0.01,0,100,20,20,5,1,2,9,6.31211996078491,0.446666666666667,168.722718871885
400,1,1,3,200,5,0.01,0,100,20,20,5,1,2,9,37.345703125,0.205,483.134847494355
150,2,1,3,200,5,0.01,0,100,20,20,5,1,2,9,6.57794594764709,0.0333333333333333,169.376319575529
400,2,1,3,200,5,0.01,0,100,20,20,5,1,2,9,38.7584841251373,0.06,481.2240629552
150,3,1,3,200,5,0.01,0,100,20,20,5,1,2,9,32.1171319484711,0.36,167.216849176605
400,3,1,3,200,5,0.01,0,100,20,20,5,1,2,9,196.525717020035,0.105,482.298482684741
150,1,2,3,200,5,0.01,0,100,20,20,5,1,2,9,6.25284504890442,0.446666666666667,168.722718871885
400,1,2,3,200,5,0.01,0,100,20,20,5,1,2,9,37.9231860637665,0.205,483.134847494355
150,2,2,3,200,5,0.01,0,100,20,20,5,1,2,9,6.5395131111145,0.0333333333333333,169.376319575529
400,2,2,3,200,5,0.01,0,100,20,20,5,1,2,9,37.9147148132324,0.06,481.2240629552
150,3,2,3,200,5,0.01,0,100,20,20,5,1,2,9,31.8956408500671,0.36,167.216849176605
400,3,2,3,200,5,0.01,0,100,20,20,5,1,2,9,193.558068990707,0.105,482.298482684741
150,1,1,3,200,5,0.01,0,400,20,20,5,1,2,9,26.068391084671,0.486666666666667,167.879363681697
400,1,1,3,200,5,0.01,0,400,20,20,5,1,2,9,154.252531051636,0.105,482.298482684741
150,2,1,3,200,5,0.01,0,400,20,20,5,1,2,9,24.7085039615631,0.08,169.439230438011
400,2,1,3,200,5,0.01,0,400,20,20,5,1,2,9,157.401356935501,0.0725,481.269971731418
150,3,1,3,200,5,0.01,0,400,20,20,5,1,2,9,125.350677967072,0.36,167.216849176605
400,3,1,3,200,5,0.01,0,400,20,20,5,1,2,9,766.658524990082,0.385,482.20917910668
150,1,2,3,200,5,0.01,0,400,20,20,5,1,2,9,25.7815229892731,0.486666666666667,167.879363681697
400,1,2,3,200,5,0.01,0,400,20,20,5,1,2,9,155.694576025009,0.105,482.298482684741
150,2,2,3,200,5,0.01,0,400,20,20,5,1,2,9,26.0469632148743,0.08,169.439230438011
400,2,2,3,200,5,0.01,0,400,20,20,5,1,2,9,155.639271974564,0.0725,481.269971731418
150,3,2,3,200,5,0.01,0,400,20,20,5,1,2,9,127.147491931915,0.36,167.216849176605
400,3,2,3,200,5,0.01,0,400,20,20,5,1,2,9,765.870049953461,0.385,482.20917910668
150,1,1,3,200,5,0.01,0,100,20,20,5,1,1,10,6.07076621055603,0.426666666666667,168.84565245094
400,1,1,3,200,5,0.01,0,100,20,20,5,1,1,10,39.3683218955994,0.2375,482.06512065472
150,2,1,3,200,5,0.01,0,100,20,20,5,1,1,10,6.2448251247406,0.04,169.239495019713
400,2,1,3,200,5,0.01,0,100,20,20,5,1,1,10,38.5983428955078,0.0325,480.223313320713
150,3,1,3,200,5,0.01,0,100,20,20,5,1,1,10,30.1304857730865,0.34,168.303234847652
400,3,1,3,200,5,0.01,0,100,20,20,5,1,1,10,191.672705888748,0.155,481.765721433217
150,1,2,3,200,5,0.01,0,100,20,20,5,1,1,10,6.17747902870178,0.426666666666667,168.84565245094
400,1,2,3,200,5,0.01,0,100,20,20,5,1,1,10,38.7410118579865,0.2375,482.06512065472
150,2,2,3,200,5,0.01,0,100,20,20,5,1,1,10,6.15753412246704,0.04,169.239495019713
400,2,2,3,200,5,0.01,0,100,20,20,5,1,1,10,39.509015083313,0.0325,480.223313320713
150,3,2,3,200,5,0.01,0,100,20,20,5,1,1,10,29.9928708076477,0.34,168.303234847652
400,3,2,3,200,5,0.01,0,100,20,20,5,1,1,10,187.893347024918,0.155,481.765721433217
150,1,1,3,200,5,0.01,0,400,20,20,5,1,1,10,22.3927030563354,0.426666666666667,168.84565245094
400,1,1,3,200,5,0.01,0,400,20,20,5,1,1,10,121.092875957489,0.1525,481.813834342189
150,2,1,3,200,5,0.01,0,400,20,20,5,1,1,10,20.5703959465027,0.0466666666666667,169.284444977284
400,2,1,3,200,5,0.01,0,400,20,20,5,1,1,10,108.034738063812,0.0475,480.180231825656
150,3,1,3,200,5,0.01,0,400,20,20,5,1,1,10,72.7679569721222,0.373333333333333,168.20694374478
400,3,1,3,200,5,0.01,0,400,20,20,5,1,1,10,457.811463117599,0.3625,480.687692382096
150,1,2,3,200,5,0.01,0,400,20,20,5,1,1,10,13.4331080913544,0.426666666666667,168.84565245094
400,1,2,3,200,5,0.01,0,400,20,20,5,1,1,10,87.1799471378326,0.1525,481.813834342189
150,2,2,3,200,5,0.01,0,400,20,20,5,1,1,10,23.790454864502,0.0466666666666667,169.284444977284
400,2,2,3,200,5,0.01,0,400,20,20,5,1,1,10,158.34685587883,0.0475,480.180231825656
150,3,2,3,200,5,0.01,0,400,20,20,5,1,1,10,119.04834985733,0.373333333333333,168.20694374478
400,3,2,3,200,5,0.01,0,400,20,20,5,1,1,10,781.226145982742,0.3625,480.687692382096
150,1,1,3,200,5,0.01,0,100,20,20,5,1,2,10,6.14955520629883,0.426666666666667,168.84565245094
400,1,1,3,200,5,0.01,0,100,20,20,5,1,2,10,39.1214380264282,0.2375,482.06512065472
150,2,1,3,200,5,0.01,0,100,20,20,5,1,2,10,6.47669291496277,0.04,169.239495019713
400,2,1,3,200,5,0.01,0,100,20,20,5,1,2,10,39.8682761192322,0.0325,480.223313320713
150,3,1,3,200,5,0.01,0,100,20,20,5,1,2,10,30.4495751857758,0.34,168.303234847652
400,3,1,3,200,5,0.01,0,100,20,20,5,1,2,10,193.718909978867,0.155,481.765721433217
150,1,2,3,200,5,0.01,0,100,20,20,5,1,2,10,6.33258581161499,0.426666666666667,168.84565245094
400,1,2,3,200,5,0.01,0,100,20,20,5,1,2,10,39.0825529098511,0.2375,482.06512065472
150,2,2,3,200,5,0.01,0,100,20,20,5,1,2,10,6.27075409889221,0.04,169.239495019713
400,2,2,3,200,5,0.01,0,100,20,20,5,1,2,10,39.9168748855591,0.0325,480.223313320713
150,3,2,3,200,5,0.01,0,100,20,20,5,1,2,10,30.7587728500366,0.34,168.303234847652
400,3,2,3,200,5,0.01,0,100,20,20,5,1,2,10,196.945223093033,0.155,481.765721433217
150,1,1,3,200,5,0.01,0,400,20,20,5,1,2,10,24.6591391563416,0.426666666666667,168.84565245094
400,1,1,3,200,5,0.01,0,400,20,20,5,1,2,10,156.201010942459,0.1525,481.813834342189
150,2,1,3,200,5,0.01,0,400,20,20,5,1,2,10,24.6875059604645,0.0466666666666667,169.284444977284
400,2,1,3,200,5,0.01,0,400,20,20,5,1,2,10,155.468327045441,0.0475,480.180231825656
150,3,1,3,200,5,0.01,0,400,20,20,5,1,2,10,120.1589179039,0.373333333333333,168.20694374478
400,3,1,3,200,5,0.01,0,400,20,20,5,1,2,10,781.856854915619,0.3625,480.687692382096
150,1,2,3,200,5,0.01,0,400,20,20,5,1,2,10,24.6197099685669,0.426666666666667,168.84565245094
400,1,2,3,200,5,0.01,0,400,20,20,5,1,2,10,152.513095855713,0.1525,481.813834342189
150,2,2,3,200,5,0.01,0,400,20,20,5,1,2,10,24.7274279594421,0.0466666666666667,169.284444977284
400,2,2,3,200,5,0.01,0,400,20,20,5,1,2,10,152.296310901642,0.0475,480.180231825656
150,3,2,3,200,5,0.01,0,400,20,20,5,1,2,10,118.703819990158,0.373333333333333,168.20694374478
400,3,2,3,200,5,0.01,0,400,20,20,5,1,2,10,775.667097806931,0.3625,480.687692382096
150,1,1,3,200,5,0.01,0,100,20,20,5,1,1,11,5.81994605064392,0.433333333333333,168.32420321002
400,1,1,3,200,5,0.01,0,100,20,20,5,1,1,11,39.4575440883636,0.185,479.608083355318
150,2,1,3,200,5,0.01,0,100,20,20,5,1,1,11,6.0802640914917,0.0266666666666667,168.714248993669
400,2,1,3,200,5,0.01,0,100,20,20,5,1,1,11,39.6147329807281,0.0375,477.392051635173
150,3,1,3,200,5,0.01,0,100,20,20,5,1,1,11,29.0912818908691,0.373333333333333,168.043094892823
400,3,1,3,200,5,0.01,0,100,20,20,5,1,1,11,191.266190052032,0.1225,479.129620479787
150,1,2,3,200,5,0.01,0,100,20,20,5,1,1,11,5.84041404724121,0.433333333333333,168.32420321002
400,1,2,3,200,5,0.01,0,100,20,20,5,1,1,11,39.7987020015717,0.185,479.608083355318
150,2,2,3,200,5,0.01,0,100,20,20,5,1,1,11,5.90510702133179,0.0266666666666667,168.714248993669
400,2,2,3,200,5,0.01,0,100,20,20,5,1,1,11,39.9407000541687,0.0375,477.392051635173
150,3,2,3,200,5,0.01,0,100,20,20,5,1,1,11,29.8293709754944,0.373333333333333,168.043094892823
400,3,2,3,200,5,0.01,0,100,20,20,5,1,1,11,190.572340965271,0.1225,479.129620479787
150,1,1,3,200,5,0.01,0,400,20,20,5,1,1,11,22.9606771469116,0.433333333333333,168.32420321002
400,1,1,3,200,5,0.01,0,400,20,20,5,1,1,11,155.04748415947,0.1375,479.395133969294
150,2,1,3,200,5,0.01,0,400,20,20,5,1,1,11,23.2569718360901,0.0466666666666667,168.758123759666
400,2,1,3,200,5,0.01,0,400,20,20,5,1,1,11,157.123824119568,0.0225,477.392027606628
150,3,1,3,200,5,0.01,0,400,20,20,5,1,1,11,117.766335010529,0.406666666666667,167.176125667327
400,3,1,3,200,5,0.01,0,400,20,20,5,1,1,11,763.481285095215,0.1475,478.686196369145
150,1,2,3,200,5,0.01,0,400,20,20,5,1,1,11,23.3037559986115,0.433333333333333,168.32420321002
400,1,2,3,200,5,0.01,0,400,20,20,5,1,1,11,152.516319990158,0.1375,479.395133969294
150,2,2,3,200,5,0.01,0,400,20,20,5,1,1,11,23.5740168094635,0.0466666666666667,168.758123759666
400,2,2,3,200,5,0.01,0,400,20,20,5,1,1,11,150.197074890137,0.0225,477.392027606628
150,3,2,3,200,5,0.01,0,400,20,20,5,1,1,11,99.8231220245361,0.406666666666667,167.176125667327
400,3,2,3,200,5,0.01,0,400,20,20,5,1,1,11,489.931863069534,0.1475,478.686196369145
150,1,1,3,200,5,0.01,0,100,20,20,5,1,2,11,3.52259802818298,0.433333333333333,168.32420321002
400,1,1,3,200,5,0.01,0,100,20,20,5,1,2,11,24.0975890159607,0.185,479.608083355318
150,2,1,3,200,5,0.01,0,100,20,20,5,1,2,11,3.5355429649353,0.0266666666666667,168.714248993669
400,2,1,3,200,5,0.01,0,100,20,20,5,1,2,11,24.1078970432281,0.0375,477.392051635173
150,3,1,3,200,5,0.01,0,100,20,20,5,1,2,11,27.745402097702,0.373333333333333,168.043094892823
400,3,1,3,200,5,0.01,0,100,20,20,5,1,2,11,194.672564029694,0.1225,479.129620479787
150,1,2,3,200,5,0.01,0,100,20,20,5,1,2,11,6.35404396057129,0.433333333333333,168.32420321002
400,1,2,3,200,5,0.01,0,100,20,20,5,1,2,11,40.2470231056213,0.185,479.608083355318
150,2,2,3,200,5,0.01,0,100,20,20,5,1,2,11,5.83591485023499,0.0266666666666667,168.714248993669
400,2,2,3,200,5,0.01,0,100,20,20,5,1,2,11,40.3916110992432,0.0375,477.392051635173
150,3,2,3,200,5,0.01,0,100,20,20,5,1,2,11,29.633859872818,0.373333333333333,168.043094892823
400,3,2,3,200,5,0.01,0,100,20,20,5,1,2,11,193.556694984436,0.1225,479.129620479787
150,1,1,3,200,5,0.01,0,400,20,20,5,1,2,11,23.1741149425507,0.433333333333333,168.32420321002
400,1,1,3,200,5,0.01,0,400,20,20,5,1,2,11,155.165835857391,0.1375,479.395133969294
150,2,1,3,200,5,0.01,0,400,20,20,5,1,2,11,23.8288609981537,0.0466666666666667,168.758123759666
400,2,1,3,200,5,0.01,0,400,20,20,5,1,2,11,155.54264998436,0.0225,477.392027606628
150,3,1,3,200,5,0.01,0,400,20,20,5,1,2,11,115.301800966263,0.406666666666667,167.176125667327
400,3,1,3,200,5,0.01,0,400,20,20,5,1,2,11,767.486039876938,0.1475,478.686196369145
150,1,2,3,200,5,0.01,0,400,20,20,5,1,2,11,22.7840731143951,0.433333333333333,168.32420321002
400,1,2,3,200,5,0.01,0,400,20,20,5,1,2,11,155.441553115845,0.1375,479.395133969294
150,2,2,3,200,5,0.01,0,400,20,20,5,1,2,11,23.0689430236816,0.0466666666666667,168.758123759666
400,2,2,3,200,5,0.01,0,400,20,20,5,1,2,11,155.282775163651,0.0225,477.392027606628
150,3,2,3,200,5,0.01,0,400,20,20,5,1,2,11,117.331933021545,0.406666666666667,167.176125667327
400,3,2,3,200,5,0.01,0,400,20,20,5,1,2,11,768.973942041397,0.1475,478.686196369145
150,1,1,3,200,5,0.01,0,100,20,20,5,1,1,12,6.20742011070251,0.42,168.734072705642
400,1,1,3,200,5,0.01,0,100,20,20,5,1,1,12,35.7644958496094,0.2025,484.272764665975
150,2,1,3,200,5,0.01,0,100,20,20,5,1,1,12,6.39241194725037,0.12,169.991827897985
400,2,1,3,200,5,0.01,0,100,20,20,5,1,1,12,37.0629329681396,0.0425,482.5129318454
150,3,1,3,200,5,0.01,0,100,20,20,5,1,1,12,29.1841251850128,0.346666666666667,168.12793162308
400,3,1,3,200,5,0.01,0,100,20,20,5,1,1,12,180.506281137466,0.095,483.558086515397
150,1,2,3,200,5,0.01,0,100,20,20,5,1,1,12,6.12811994552612,0.42,168.734072705642
400,1,2,3,200,5,0.01,0,100,20,20,5,1,1,12,36.4770390987396,0.2025,484.272764665975
150,2,2,3,200,5,0.01,0,100,20,20,5,1,1,12,6.2612841129303,0.12,169.991827897985
400,2,2,3,200,5,0.01,0,100,20,20,5,1,1,12,36.1448619365692,0.0425,482.5129318454
150,3,2,3,200,5,0.01,0,100,20,20,5,1,1,12,29.4827010631561,0.346666666666667,168.12793162308
400,3,2,3,200,5,0.01,0,100,20,20,5,1,1,12,179.071331977844,0.095,483.558086515397
150,1,1,3,200,5,0.01,0,400,20,20,5,1,1,12,23.8103849887848,0.346666666666667,168.12793162308
400,1,1,3,200,5,0.01,0,400,20,20,5,1,1,12,141.13790512085,0.095,483.558086515397
150,2,1,3,200,5,0.01,0,400,20,20,5,1,1,12,23.4937210083008,0.04,169.584814818101
400,2,1,3,200,5,0.01,0,400,20,20,5,1,1,12,144.217998027802,0.0675,482.59308231815
150,3,1,3,200,5,0.01,0,400,20,20,5,1,1,12,119.005111932755,0.346666666666667,168.12793162308
400,3,1,3,200,5,0.01,0,400,20,20,5,1,1,12,728.217309951782,0.095,483.558086515397
150,1,2,3,200,5,0.01,0,400,20,20,5,1,1,12,23.528697013855,0.346666666666667,168.12793162308
400,1,2,3,200,5,0.01,0,400,20,20,5,1,1,12,142.061527967453,0.095,483.558086515397
150,2,2,3,200,5,0.01,0,400,20,20,5,1,1,12,23.8722250461578,0.04,169.584814818101
400,2,2,3,200,5,0.01,0,400,20,20,5,1,1,12,144.885101079941,0.0675,482.59308231815
150,3,2,3,200,5,0.01,0,400,20,20,5,1,1,12,117.10883307457,0.346666666666667,168.12793162308
400,3,2,3,200,5,0.01,0,400,20,20,5,1,1,12,724.370659828186,0.095,483.558086515397
150,1,1,3,200,5,0.01,0,100,20,20,5,1,2,12,6.26276183128357,0.42,168.734072705642
400,1,1,3,200,5,0.01,0,100,20,20,5,1,2,12,36.6281471252441,0.2025,484.272764665975
150,2,1,3,200,5,0.01,0,100,20,20,5,1,2,12,6.2508020401001,0.12,169.991827897985
400,2,1,3,200,5,0.01,0,100,20,20,5,1,2,12,36.3893280029297,0.0425,482.5129318454
150,3,1,3,200,5,0.01,0,100,20,20,5,1,2,12,29.5106489658356,0.346666666666667,168.12793162308
400,3,1,3,200,5,0.01,0,100,20,20,5,1,2,12,180.306613922119,0.095,483.558086515397
150,1,2,3,200,5,0.01,0,100,20,20,5,1,2,12,6.03885197639465,0.42,168.734072705642
400,1,2,3,200,5,0.01,0,100,20,20,5,1,2,12,36.4306900501251,0.2025,484.272764665975
150,2,2,3,200,5,0.01,0,100,20,20,5,1,2,12,6.40239191055298,0.12,169.991827897985
400,2,2,3,200,5,0.01,0,100,20,20,5,1,2,12,37.4230170249939,0.0425,482.5129318454
150,3,2,3,200,5,0.01,0,100,20,20,5,1,2,12,29.5658791065216,0.346666666666667,168.12793162308
400,3,2,3,200,5,0.01,0,100,20,20,5,1,2,12,162.565464019775,0.095,483.558086515397
150,1,1,3,200,5,0.01,0,400,20,20,5,1,2,12,18.2532470226288,0.346666666666667,168.12793162308
400,1,1,3,200,5,0.01,0,400,20,20,5,1,2,12,143.387320995331,0.095,483.558086515397
150,2,1,3,200,5,0.01,0,400,20,20,5,1,2,12,23.9714829921722,0.04,169.584814818101
400,2,1,3,200,5,0.01,0,400,20,20,5,1,2,12,146.238659143448,0.0675,482.59308231815
150,3,1,3,200,5,0.01,0,400,20,20,5,1,2,12,117.790045022964,0.346666666666667,168.12793162308
400,3,1,3,200,5,0.01,0,400,20,20,5,1,2,12,727.544033050537,0.095,483.558086515397
150,1,2,3,200,5,0.01,0,400,20,20,5,1,2,12,23.2744059562683,0.346666666666667,168.12793162308
400,1,2,3,200,5,0.01,0,400,20,20,5,1,2,12,140.786851167679,0.095,483.558086515397
150,2,2,3,200,5,0.01,0,400,20,20,5,1,2,12,22.9087889194489,0.04,169.584814818101
400,2,2,3,200,5,0.01,0,400,20,20,5,1,2,12,144.132302999496,0.0675,482.59308231815
150,3,2,3,200,5,0.01,0,400,20,20,5,1,2,12,114.681585073471,0.346666666666667,168.12793162308
400,3,2,3,200,5,0.01,0,400,20,20,5,1,2,12,727.016701936722,0.095,483.558086515397
150,1,1,3,200,5,0.01,0,100,20,20,5,1,1,13,6.0697910785675,0.506666666666667,167.749001984313
400,1,1,3,200,5,0.01,0,100,20,20,5,1,1,13,37.1453070640564,0.14,480.859414557191
150,2,1,3,200,5,0.01,0,100,20,20,5,1,1,13,5.80333805084229,0.0466666666666667,168.87053518185
400,2,1,3,200,5,0.01,0,100,20,20,5,1,1,13,37.4798729419708,0.0725,480.122999831023
150,3,1,3,200,5,0.01,0,100,20,20,5,1,1,13,29.2957608699799,0.386666666666667,167.496944162952
400,3,1,3,200,5,0.01,0,100,20,20,5,1,1,13,187.700424909592,0.195,480.787088966619
150,1,2,3,200,5,0.01,0,100,20,20,5,1,1,13,6.31765389442444,0.506666666666667,167.749001984313
400,1,2,3,200,5,0.01,0,100,20,20,5,1,1,13,37.0440909862518,0.14,480.859414557191
150,2,2,3,200,5,0.01,0,100,20,20,5,1,1,13,6.18496704101562,0.0466666666666667,168.87053518185
400,2,2,3,200,5,0.01,0,100,20,20,5,1,1,13,38.5295429229736,0.0725,480.122999831023
150,3,2,3,200,5,0.01,0,100,20,20,5,1,1,13,29.6662230491638,0.386666666666667,167.496944162952
400,3,2,3,200,5,0.01,0,100,20,20,5,1,1,13,189.13924908638,0.195,480.787088966619
150,1,1,3,200,5,0.01,0,400,20,20,5,1,1,13,24.0099120140076,0.506666666666667,167.749001984313
400,1,1,3,200,5,0.01,0,400,20,20,5,1,1,13,150.302562952042,0.195,480.787088966619
150,2,1,3,200,5,0.01,0,400,20,20,5,1,1,13,24.0308878421783,0.0133333333333333,168.878622216073
400,2,1,3,200,5,0.01,0,400,20,20,5,1,1,13,151.977041959763,0.0625,479.659303457934
150,3,1,3,200,5,0.01,0,400,20,20,5,1,1,13,116.80281996727,0.386666666666667,167.496944162952
400,3,1,3,200,5,0.01,0,400,20,20,5,1,1,13,751.241524934769,0.0725,480.560255414439
150,1,2,3,200,5,0.01,0,400,20,20,5,1,1,13,23.4533278942108,0.506666666666667,167.749001984313
400,1,2,3,200,5,0.01,0,400,20,20,5,1,1,13,152.520302057266,0.195,480.787088966619
150,2,2,3,200,5,0.01,0,400,20,20,5,1,1,13,23.8822288513184,0.0133333333333333,168.878622216073
400,2,2,3,200,5,0.01,0,400,20,20,5,1,1,13,151.329244852066,0.0625,479.659303457934
150,3,2,3,200,5,0.01,0,400,20,20,5,1,1,13,116.20349407196,0.386666666666667,167.496944162952
400,3,2,3,200,5,0.01,0,400,20,20,5,1,1,13,749.351442098618,0.0725,480.560255414439
150,1,1,3,200,5,0.01,0,100,20,20,5,1,2,13,5.64094805717468,0.506666666666667,167.749001984313
400,1,1,3,200,5,0.01,0,100,20,20,5,1,2,13,37.2110631465912,0.14,480.859414557191
150,2,1,3,200,5,0.01,0,100,20,20,5,1,2,13,5.96907687187195,0.0466666666666667,168.87053518185
400,2,1,3,200,5,0.01,0,100,20,20,5,1,2,13,38.2519559860229,0.0725,480.122999831023
150,3,1,3,200,5,0.01,0,100,20,20,5,1,2,13,29.6113591194153,0.386666666666667,167.496944162952
400,3,1,3,200,5,0.01,0,100,20,20,5,1,2,13,187.219616889954,0.195,480.787088966619
150,1,2,3,200,5,0.01,0,100,20,20,5,1,2,13,5.47238302230835,0.506666666666667,167.749001984313
400,1,2,3,200,5,0.01,0,100,20,20,5,1,2,13,38.2054369449615,0.14,480.859414557191
150,2,2,3,200,5,0.01,0,100,20,20,5,1,2,13,5.56511807441711,0.0466666666666667,168.87053518185
400,2,2,3,200,5,0.01,0,100,20,20,5,1,2,13,37.7292568683624,0.0725,480.122999831023
150,3,2,3,200,5,0.01,0,100,20,20,5,1,2,13,29.6542730331421,0.386666666666667,167.496944162952
400,3,2,3,200,5,0.01,0,100,20,20,5,1,2,13,188.593170881271,0.195,480.787088966619
150,1,1,3,200,5,0.01,0,400,20,20,5,1,2,13,24.0432660579681,0.506666666666667,167.749001984313
400,1,1,3,200,5,0.01,0,400,20,20,5,1,2,13,151.687023878098,0.195,480.787088966619
150,2,1,3,200,5,0.01,0,400,20,20,5,1,2,13,24.2581911087036,0.0133333333333333,168.878622216073
400,2,1,3,200,5,0.01,0,400,20,20,5,1,2,13,152.769903182983,0.0625,479.659303457934
150,3,1,3,200,5,0.01,0,400,20,20,5,1,2,13,109.413541078568,0.386666666666667,167.496944162952
400,3,1,3,200,5,0.01,0,400,20,20,5,1,2,13,516.818652868271,0.0725,480.560255414439
150,1,2,3,200,5,0.01,0,400,20,20,5,1,2,13,13.8817458152771,0.506666666666667,167.749001984313
400,1,2,3,200,5,0.01,0,400,20,20,5,1,2,13,90.9094541072845,0.195,480.787088966619
150,2,2,3,200,5,0.01,0,400,20,20,5,1,2,13,13.9390540122986,0.0133333333333333,168.878622216073
400,2,2,3,200,5,0.01,0,400,20,20,5,1,2,13,150.338249921799,0.0625,479.659303457934
150,3,2,3,200,5,0.01,0,400,20,20,5,1,2,13,116.650195121765,0.386666666666667,167.496944162952
400,3,2,3,200,5,0.01,0,400,20,20,5,1,2,13,749.589215040207,0.0725,480.560255414439
150,1,1,3,200,5,0.01,0,100,20,20,5,1,1,14,6.01392006874084,0.306666666666667,169.119361811334
400,1,1,3,200,5,0.01,0,100,20,20,5,1,1,14,40.6687309741974,0.1525,480.659198388646
150,2,1,3,200,5,0.01,0,100,20,20,5,1,1,14,6.11265301704407,0.0266666666666667,168.911189499966
400,2,1,3,200,5,0.01,0,100,20,20,5,1,1,14,39.2507889270782,0.08,478.931036288341
150,3,1,3,200,5,0.01,0,100,20,20,5,1,1,14,27.463604927063,0.413333333333333,168.745382101204
400,3,1,3,200,5,0.01,0,100,20,20,5,1,1,14,190.821478843689,0.1025,480.098143678779
150,1,2,3,200,5,0.01,0,100,20,20,5,1,1,14,5.4030590057373,0.306666666666667,169.119361811334
400,1,2,3,200,5,0.01,0,100,20,20,5,1,1,14,38.9169149398804,0.1525,480.659198388646
150,2,2,3,200,5,0.01,0,100,20,20,5,1,1,14,5.69328117370605,0.0266666666666667,168.911189499966
400,2,2,3,200,5,0.01,0,100,20,20,5,1,1,14,39.1514201164246,0.08,478.931036288341
150,3,2,3,200,5,0.01,0,100,20,20,5,1,1,14,27.4182097911835,0.413333333333333,168.745382101204
400,3,2,3,200,5,0.01,0,100,20,20,5,1,1,14,190.591332912445,0.1025,480.098143678779
150,1,1,3,200,5,0.01,0,400,20,20,5,1,1,14,22.8602678775787,0.333333333333333,168.955616519199
400,1,1,3,200,5,0.01,0,400,20,20,5,1,1,14,150.376702070236,0.155,480.418956717346
150,2,1,3,200,5,0.01,0,400,20,20,5,1,1,14,22.908872127533,0.02,168.855991887237
400,2,1,3,200,5,0.01,0,400,20,20,5,1,1,14,149.487464904785,0.0875,478.651690949893
150,3,1,3,200,5,0.01,0,400,20,20,5,1,1,14,106.023353099823,0.36,167.385961246579
400,3,1,3,200,5,0.01,0,400,20,20,5,1,1,14,778.023509979248,0.3475,478.757222790238
150,1,2,3,200,5,0.01,0,400,20,20,5,1,1,14,22.3392930030823,0.333333333333333,168.955616519199
400,1,2,3,200,5,0.01,0,400,20,20,5,1,1,14,151.069100856781,0.155,480.418956717346
150,2,2,3,200,5,0.01,0,400,20,20,5,1,1,14,22.5099220275879,0.02,168.855991887237
400,2,2,3,200,5,0.01,0,400,20,20,5,1,1,14,153.711663007736,0.0875,478.651690949893
150,3,2,3,200,5,0.01,0,400,20,20,5,1,1,14,110.239701986313,0.36,167.385961246579
400,3,2,3,200,5,0.01,0,400,20,20,5,1,1,14,775.620784044266,0.3475,478.757222790238
150,1,1,3,200,5,0.01,0,100,20,20,5,1,2,14,5.53120899200439,0.306666666666667,169.119361811334
400,1,1,3,200,5,0.01,0,100,20,20,5,1,2,14,39.4860310554504,0.1525,480.659198388646
150,2,1,3,200,5,0.01,0,100,20,20,5,1,2,14,5.75261688232422,0.0266666666666667,168.911189499966
400,2,1,3,200,5,0.01,0,100,20,20,5,1,2,14,38.7440350055695,0.08,478.931036288341
150,3,1,3,200,5,0.01,0,100,20,20,5,1,2,14,27.6485989093781,0.413333333333333,168.745382101204
400,3,1,3,200,5,0.01,0,100,20,20,5,1,2,14,188.90420794487,0.1025,480.098143678779
150,1,2,3,200,5,0.01,0,100,20,20,5,1,2,14,5.5092670917511,0.306666666666667,169.119361811334
400,1,2,3,200,5,0.01,0,100,20,20,5,1,2,14,38.8556551933289,0.1525,480.659198388646
150,2,2,3,200,5,0.01,0,100,20,20,5,1,2,14,5.85635590553284,0.0266666666666667,168.911189499966
400,2,2,3,200,5,0.01,0,100,20,20,5,1,2,14,40.0455391407013,0.08,478.931036288341
150,3,2,3,200,5,0.01,0,100,20,20,5,1,2,14,28.0889251232147,0.413333333333333,168.745382101204
400,3,2,3,200,5,0.01,0,100,20,20,5,1,2,14,188.75963306427,0.1025,480.098143678779
150,1,1,3,200,5,0.01,0,400,20,20,5,1,2,14,22.4455449581146,0.333333333333333,168.955616519199
400,1,1,3,200,5,0.01,0,400,20,20,5,1,2,14,149.098265171051,0.155,480.418956717346
150,2,1,3,200,5,0.01,0,400,20,20,5,1,2,14,22.5463130474091,0.02,168.855991887237
400,2,1,3,200,5,0.01,0,400,20,20,5,1,2,14,152.245517969131,0.0875,478.651690949893
150,3,1,3,200,5,0.01,0,400,20,20,5,1,2,14,110.891669034958,0.36,167.385961246579
400,3,1,3,200,5,0.01,0,400,20,20,5,1,2,14,779.007929801941,0.3475,478.757222790238
150,1,2,3,200,5,0.01,0,400,20,20,5,1,2,14,22.6210379600525,0.333333333333333,168.955616519199
400,1,2,3,200,5,0.01,0,400,20,20,5,1,2,14,149.562736988068,0.155,480.418956717346
150,2,2,3,200,5,0.01,0,400,20,20,5,1,2,14,22.9362149238586,0.02,168.855991887237
400,2,2,3,200,5,0.01,0,400,20,20,5,1,2,14,151.787535905838,0.0875,478.651690949893
150,3,2,3,200,5,0.01,0,400,20,20,5,1,2,14,107.478708028793,0.36,167.385961246579
400,3,2,3,200,5,0.01,0,400,20,20,5,1,2,14,544.589914798737,0.3475,478.757222790238
150,1,1,3,200,5,0.01,0,100,20,20,5,1,1,15,3.25232100486755,0.38,168.020173738707
400,1,1,3,200,5,0.01,0,100,20,20,5,1,1,15,23.0532550811768,0.1225,479.979056598683
150,2,1,3,200,5,0.01,0,100,20,20,5,1,1,15,3.32412314414978,0.02,168.981744748714
400,2,1,3,200,5,0.01,0,100,20,20,5,1,1,15,23.4025409221649,0.0625,478.97219347633
150,3,1,3,200,5,0.01,0,100,20,20,5,1,1,15,17.0836389064789,0.38,168.020173738707
400,3,1,3,200,5,0.01,0,100,20,20,5,1,1,15,109.380970954895,0.1225,479.979056598683
150,1,2,3,200,5,0.01,0,100,20,20,5,1,1,15,5.72572207450867,0.38,168.020173738707
400,1,2,3,200,5,0.01,0,100,20,20,5,1,1,15,36.044193983078,0.1225,479.979056598683
150,2,2,3,200,5,0.01,0,100,20,20,5,1,1,15,5.49930906295776,0.02,168.981744748714
400,2,2,3,200,5,0.01,0,100,20,20,5,1,1,15,39.1373920440674,0.0625,478.97219347633
150,3,2,3,200,5,0.01,0,100,20,20,5,1,1,15,28.7322590351105,0.38,168.020173738707
400,3,2,3,200,5,0.01,0,100,20,20,5,1,1,15,188.832341909409,0.1225,479.979056598683
150,1,1,3,200,5,0.01,0,400,20,20,5,1,1,15,22.8943018913269,0.38,168.020173738707
400,1,1,3,200,5,0.01,0,400,20,20,5,1,1,15,149.281368017197,0.1225,479.979056598683
150,2,1,3,200,5,0.01,0,400,20,20,5,1,1,15,23.6130149364471,0.0466666666666667,169.077205353493
400,2,1,3,200,5,0.01,0,400,20,20,5,1,1,15,152.373420953751,0.095,478.899662554858
150,3,1,3,200,5,0.01,0,400,20,20,5,1,1,15,112.40015912056,0.386666666666667,166.861840777507
400,3,1,3,200,5,0.01,0,400,20,20,5,1,1,15,757.184725999832,0.1225,479.979056598683
150,1,2,3,200,5,0.01,0,400,20,20,5,1,1,15,23.2149679660797,0.38,168.020173738707
400,1,2,3,200,5,0.01,0,400,20,20,5,1,1,15,148.178478956223,0.1225,479.979056598683
150,2,2,3,200,5,0.01,0,400,20,20,5,1,1,15,23.4289479255676,0.0466666666666667,169.077205353493
400,2,2,3,200,5,0.01,0,400,20,20,5,1,1,15,151.752446889877,0.095,478.899662554858
150,3,2,3,200,5,0.01,0,400,20,20,5,1,1,15,115.048147916794,0.386666666666667,166.861840777507
400,3,2,3,200,5,0.01,0,400,20,20,5,1,1,15,750.210850954056,0.1225,479.979056598683
150,1,1,3,200,5,0.01,0,100,20,20,5,1,2,15,5.68082308769226,0.38,168.020173738707
400,1,1,3,200,5,0.01,0,100,20,20,5,1,2,15,37.921667098999,0.1225,479.979056598683
150,2,1,3,200,5,0.01,0,100,20,20,5,1,2,15,5.71373581886292,0.02,168.981744748714
400,2,1,3,200,5,0.01,0,100,20,20,5,1,2,15,38.9529790878296,0.0625,478.97219347633
150,3,1,3,200,5,0.01,0,100,20,20,5,1,2,15,28.5387091636658,0.38,168.020173738707
400,3,1,3,200,5,0.01,0,100,20,20,5,1,2,15,188.408345937729,0.1225,479.979056598683
150,1,2,3,200,5,0.01,0,100,20,20,5,1,2,15,5.65548491477966,0.38,168.020173738707
400,1,2,3,200,5,0.01,0,100,20,20,5,1,2,15,38.5285658836365,0.1225,479.979056598683
150,2,2,3,200,5,0.01,0,100,20,20,5,1,2,15,5.44344401359558,0.02,168.981744748714
400,2,2,3,200,5,0.01,0,100,20,20,5,1,2,15,38.3355891704559,0.0625,478.97219347633
150,3,2,3,200,5,0.01,0,100,20,20,5,1,2,15,29.7802979946136,0.38,168.020173738707
400,3,2,3,200,5,0.01,0,100,20,20,5,1,2,15,186.989113092422,0.1225,479.979056598683
150,1,1,3,200,5,0.01,0,400,20,20,5,1,2,15,22.8375160694122,0.38,168.020173738707
400,1,1,3,200,5,0.01,0,400,20,20,5,1,2,15,148.15185213089,0.1225,479.979056598683
150,2,1,3,200,5,0.01,0,400,20,20,5,1,2,15,22.7342338562012,0.0466666666666667,169.077205353493
400,2,1,3,200,5,0.01,0,400,20,20,5,1,2,15,149.829807043076,0.095,478.899662554858
150,3,1,3,200,5,0.01,0,400,20,20,5,1,2,15,112.25547003746,0.386666666666667,166.861840777507
400,3,1,3,200,5,0.01,0,400,20,20,5,1,2,15,743.068645000458,0.1225,479.979056598683
150,1,2,3,200,5,0.01,0,400,20,20,5,1,2,15,22.4001319408417,0.38,168.020173738707
400,1,2,3,200,5,0.01,0,400,20,20,5,1,2,15,148.966803073883,0.1225,479.979056598683
150,2,2,3,200,5,0.01,0,400,20,20,5,1,2,15,23.6274099349976,0.0466666666666667,169.077205353493
400,2,2,3,200,5,0.01,0,400,20,20,5,1,2,15,148.64245891571,0.095,478.899662554858
150,3,2,3,200,5,0.01,0,400,20,20,5,1,2,15,112.56935095787,0.386666666666667,166.861840777507
400,3,2,3,200,5,0.01,0,400,20,20,5,1,2,15,751.11949300766,0.1225,479.979056598683
150,1,1,3,200,5,0.01,0,100,20,20,5,1,1,16,5.40109920501709,0.34,166.979844527473
400,1,1,3,200,5,0.01,0,100,20,20,5,1,1,16,35.8068730831146,0.14,479.895439188739
150,2,1,3,200,5,0.01,0,100,20,20,5,1,1,16,6.04035401344299,0.0133333333333333,168.556035694076
400,2,1,3,200,5,0.01,0,100,20,20,5,1,1,16,36.5943329334259,0.035,478.184222986059
150,3,1,3,200,5,0.01,0,100,20,20,5,1,1,16,29.198478937149,0.34,166.979844527473
400,3,1,3,200,5,0.01,0,100,20,20,5,1,1,16,184.655115842819,0.345,479.47405898825
150,1,2,3,200,5,0.01,0,100,20,20,5,1,1,16,5.65342283248901,0.34,166.979844527473
400,1,2,3,200,5,0.01,0,100,20,20,5,1,1,16,35.6652088165283,0.14,479.895439188739
150,2,2,3,200,5,0.01,0,100,20,20,5,1,1,16,5.92866110801697,0.0133333333333333,168.556035694076
400,2,2,3,200,5,0.01,0,100,20,20,5,1,1,16,36.623929977417,0.035,478.184222986059
150,3,2,3,200,5,0.01,0,100,20,20,5,1,1,16,29.3281021118164,0.34,166.979844527473
400,3,2,3,200,5,0.01,0,100,20,20,5,1,1,16,188.109532117844,0.345,479.47405898825
150,1,1,3,200,5,0.01,0,400,20,20,5,1,1,16,22.7750370502472,0.34,166.979844527473
400,1,1,3,200,5,0.01,0,400,20,20,5,1,1,16,138.563793897629,0.345,479.47405898825
150,2,1,3,200,5,0.01,0,400,20,20,5,1,1,16,22.7801551818848,0.0133333333333333,168.574513889993
400,2,1,3,200,5,0.01,0,400,20,20,5,1,1,16,146.78427195549,0.0325,478.203795799443
150,3,1,3,200,5,0.01,0,400,20,20,5,1,1,16,117.252064943314,0.34,166.979844527473
400,3,1,3,200,5,0.01,0,400,20,20,5,1,1,16,725.242256164551,0.355,478.859670131112
150,1,2,3,200,5,0.01,0,400,20,20,5,1,1,16,23.0329029560089,0.34,166.979844527473
400,1,2,3,200,5,0.01,0,400,20,20,5,1,1,16,146.893877029419,0.345,479.47405898825
150,2,2,3,200,5,0.01,0,400,20,20,5,1,1,16,24.3363690376282,0.0133333333333333,168.574513889993
400,2,2,3,200,5,0.01,0,400,20,20,5,1,1,16,151.104291915894,0.0325,478.203795799443
150,3,2,3,200,5,0.01,0,400,20,20,5,1,1,16,115.21514081955,0.34,166.979844527473
400,3,2,3,200,5,0.01,0,400,20,20,5,1,1,16,729.031074047089,0.355,478.859670131112
150,1,1,3,200,5,0.01,0,100,20,20,5,1,2,16,5.71224594116211,0.34,166.979844527473
400,1,1,3,200,5,0.01,0,100,20,20,5,1,2,16,35.3241240978241,0.14,479.895439188739
150,2,1,3,200,5,0.01,0,100,20,20,5,1,2,16,5.87229681015015,0.0133333333333333,168.556035694076
400,2,1,3,200,5,0.01,0,100,20,20,5,1,2,16,36.1269559860229,0.035,478.184222986059
150,3,1,3,200,5,0.01,0,100,20,20,5,1,2,16,29.3812890052795,0.34,166.979844527473
400,3,1,3,200,5,0.01,0,100,20,20,5,1,2,16,185.327789068222,0.345,479.47405898825
150,1,2,3,200,5,0.01,0,100,20,20,5,1,2,16,5.48783588409424,0.34,166.979844527473
400,1,2,3,200,5,0.01,0,100,20,20,5,1,2,16,35.6532480716705,0.14,479.895439188739
150,2,2,3,200,5,0.01,0,100,20,20,5,1,2,16,6.09620499610901,0.0133333333333333,168.556035694076
400,2,2,3,200,5,0.01,0,100,20,20,5,1,2,16,35.3015961647034,0.035,478.184222986059
150,3,2,3,200,5,0.01,0,100,20,20,5,1,2,16,29.2618079185486,0.34,166.979844527473
400,3,2,3,200,5,0.01,0,100,20,20,5,1,2,16,184.965918064117,0.345,479.47405898825
150,1,1,3,200,5,0.01,0,400,20,20,5,1,2,16,22.9257550239563,0.34,166.979844527473
400,1,1,3,200,5,0.01,0,400,20,20,5,1,2,16,147.697989940643,0.345,479.47405898825
150,2,1,3,200,5,0.01,0,400,20,20,5,1,2,16,22.8529539108276,0.0133333333333333,168.574513889993
400,2,1,3,200,5,0.01,0,400,20,20,5,1,2,16,147.972873926163,0.0325,478.203795799443
150,3,1,3,200,5,0.01,0,400,20,20,5,1,2,16,118.668489933014,0.34,166.979844527473
400,3,1,3,200,5,0.01,0,400,20,20,5,1,2,16,727.792976856232,0.355,478.859670131112
150,1,2,3,200,5,0.01,0,400,20,20,5,1,2,16,23.2204601764679,0.34,166.979844527473
400,1,2,3,200,5,0.01,0,400,20,20,5,1,2,16,146.888659954071,0.345,479.47405898825
150,2,2,3,200,5,0.01,0,400,20,20,5,1,2,16,23.6443409919739,0.0133333333333333,168.574513889993
400,2,2,3,200,5,0.01,0,400,20,20,5,1,2,16,148.995712041855,0.0325,478.203795799443
150,3,2,3,200,5,0.01,0,400,20,20,5,1,2,16,117.354032039642,0.34,166.979844527473
400,3,2,3,200,5,0.01,0,400,20,20,5,1,2,16,730.618817090988,0.355,478.859670131112
150,1,1,3,200,5,0.01,0,100,20,20,5,1,1,17,5.90092515945435,0.353333333333333,169.922529122205
400,1,1,3,200,5,0.01,0,100,20,20,5,1,1,17,35.8043320178986,0.3075,483.119060422631
150,2,1,3,200,5,0.01,0,100,20,20,5,1,1,17,5.91669082641602,0.0266666666666667,169.546201706028
400,2,1,3,200,5,0.01,0,100,20,20,5,1,1,17,35.8667149543762,0.0875,481.783929617654
150,3,1,3,200,5,0.01,0,100,20,20,5,1,1,17,29.7689340114594,0.433333333333333,169.080504177474
400,3,1,3,200,5,0.01,0,100,20,20,5,1,1,17,185.336462974548,0.3225,482.080148172473
150,1,2,3,200,5,0.01,0,100,20,20,5,1,1,17,5.78404092788696,0.353333333333333,169.922529122205
400,1,2,3,200,5,0.01,0,100,20,20,5,1,1,17,35.4756829738617,0.3075,483.119060422631
150,2,2,3,200,5,0.01,0,100,20,20,5,1,1,17,5.82296991348267,0.0266666666666667,169.546201706028
400,2,2,3,200,5,0.01,0,100,20,20,5,1,1,17,35.7752389907837,0.0875,481.783929617654
150,3,2,3,200,5,0.01,0,100,20,20,5,1,1,17,30.4147942066193,0.433333333333333,169.080504177474
400,3,2,3,200,5,0.01,0,100,20,20,5,1,1,17,186.26685500145,0.3225,482.080148172473
150,1,1,3,200,5,0.01,0,400,20,20,5,1,1,17,23.588968038559,0.393333333333333,169.133451661162
400,1,1,3,200,5,0.01,0,400,20,20,5,1,1,17,146.044855117798,0.11,482.588048309566
150,2,1,3,200,5,0.01,0,400,20,20,5,1,1,17,23.9893970489502,0.0533333333333333,169.794006700215
400,2,1,3,200,5,0.01,0,400,20,20,5,1,1,17,149.458754062653,0.015,480.941933327533
150,3,1,3,200,5,0.01,0,400,20,20,5,1,1,17,119.310983896255,0.346666666666667,168.456997602244
400,3,1,3,200,5,0.01,0,400,20,20,5,1,1,17,588.209906101227,0.3225,482.080148172473
150,1,2,3,200,5,0.01,0,400,20,20,5,1,1,17,14.6064460277557,0.393333333333333,169.133451661162
400,1,2,3,200,5,0.01,0,400,20,20,5,1,1,17,90.7469758987427,0.11,482.588048309566
150,2,2,3,200,5,0.01,0,400,20,20,5,1,1,17,13.9561958312988,0.0533333333333333,169.794006700215
400,2,2,3,200,5,0.01,0,400,20,20,5,1,1,17,89.9010469913483,0.015,480.941933327533
150,3,2,3,200,5,0.01,0,400,20,20,5,1,1,17,70.1014301776886,0.346666666666667,168.456997602244
400,3,2,3,200,5,0.01,0,400,20,20,5,1,1,17,753.227681875229,0.3225,482.080148172473
150,1,1,3,200,5,0.01,0,100,20,20,5,1,2,17,5.56512999534607,0.353333333333333,169.922529122205
400,1,1,3,200,5,0.01,0,100,20,20,5,1,2,17,35.5036609172821,0.3075,483.119060422631
150,2,1,3,200,5,0.01,0,100,20,20,5,1,2,17,5.93267798423767,0.0266666666666667,169.546201706028
400,2,1,3,200,5,0.01,0,100,20,20,5,1,2,17,35.5754270553589,0.0875,481.783929617654
150,3,1,3,200,5,0.01,0,100,20,20,5,1,2,17,30.5753109455109,0.433333333333333,169.080504177474
400,3,1,3,200,5,0.01,0,100,20,20,5,1,2,17,186.798978090286,0.3225,482.080148172473
150,1,2,3,200,5,0.01,0,100,20,20,5,1,2,17,5.86184597015381,0.353333333333333,169.922529122205
400,1,2,3,200,5,0.01,0,100,20,20,5,1,2,17,35.4777319431305,0.3075,483.119060422631
150,2,2,3,200,5,0.01,0,100,20,20,5,1,2,17,6.05381107330322,0.0266666666666667,169.546201706028
400,2,2,3,200,5,0.01,0,100,20,20,5,1,2,17,35.8848249912262,0.0875,481.783929617654
150,3,2,3,200,5,0.01,0,100,20,20,5,1,2,17,30.1774208545685,0.433333333333333,169.080504177474
400,3,2,3,200,5,0.01,0,100,20,20,5,1,2,17,185.358807086945,0.3225,482.080148172473
150,1,1,3,200,5,0.01,0,400,20,20,5,1,2,17,23.065761089325,0.393333333333333,169.133451661162
400,1,1,3,200,5,0.01,0,400,20,20,5,1,2,17,148.916601896286,0.11,482.588048309566
150,2,1,3,200,5,0.01,0,400,20,20,5,1,2,17,24.2536971569061,0.0533333333333333,169.794006700215
400,2,1,3,200,5,0.01,0,400,20,20,5,1,2,17,148.155539035797,0.015,480.941933327533
150,3,1,3,200,5,0.01,0,400,20,20,5,1,2,17,119.59196305275,0.346666666666667,168.456997602244
400,3,1,3,200,5,0.01,0,400,20,20,5,1,2,17,749.661311864853,0.3225,482.080148172473
150,1,2,3,200,5,0.01,0,400,20,20,5,1,2,17,23.9713869094849,0.393333333333333,169.133451661162
400,1,2,3,200,5,0.01,0,400,20,20,5,1,2,17,146.162531137466,0.11,482.588048309566
150,2,2,3,200,5,0.01,0,400,20,20,5,1,2,17,24.1788959503174,0.0533333333333333,169.794006700215
400,2,2,3,200,5,0.01,0,400,20,20,5,1,2,17,150.094054937363,0.015,480.941933327533
150,3,2,3,200,5,0.01,0,400,20,20,5,1,2,17,120.223997116089,0.346666666666667,168.456997602244
400,3,2,3,200,5,0.01,0,400,20,20,5,1,2,17,744.439352989197,0.3225,482.080148172473
150,1,1,3,200,5,0.01,0,100,20,20,5,1,1,18,5.98051595687866,0.233333333333333,170.076660208134
400,1,1,3,200,5,0.01,0,100,20,20,5,1,1,18,36.2556359767914,0.33,481.049015523146
150,2,1,3,200,5,0.01,0,100,20,20,5,1,1,18,5.70624804496765,0.0133333333333333,170.237540498402
400,2,1,3,200,5,0.01,0,100,20,20,5,1,1,18,37.5701169967651,0.02,480.50891545591
150,3,1,3,200,5,0.01,0,100,20,20,5,1,1,18,29.384829044342,0.38,168.673850602591
400,3,1,3,200,5,0.01,0,100,20,20,5,1,1,18,180.919677019119,0.33,481.049015523146
150,1,2,3,200,5,0.01,0,100,20,20,5,1,1,18,5.9770359992981,0.233333333333333,170.076660208134
400,1,2,3,200,5,0.01,0,100,20,20,5,1,1,18,36.6156659126282,0.33,481.049015523146
150,2,2,3,200,5,0.01,0,100,20,20,5,1,1,18,5.58357810974121,0.0133333333333333,170.237540498402
400,2,2,3,200,5,0.01,0,100,20,20,5,1,1,18,37.3068661689758,0.02,480.50891545591
150,3,2,3,200,5,0.01,0,100,20,20,5,1,1,18,29.3436150550842,0.38,168.673850602591
400,3,2,3,200,5,0.01,0,100,20,20,5,1,1,18,183.325994968414,0.33,481.049015523146
150,1,1,3,200,5,0.01,0,400,20,20,5,1,1,18,23.5984950065613,0.38,168.673850602591
400,1,1,3,200,5,0.01,0,400,20,20,5,1,1,18,145.295460224152,0.33,481.049015523146
150,2,1,3,200,5,0.01,0,400,20,20,5,1,1,18,23.3107299804688,0.0333333333333333,169.975000354591
400,2,1,3,200,5,0.01,0,400,20,20,5,1,1,18,148.520995140076,0.0225,480.50551897347
150,3,1,3,200,5,0.01,0,400,20,20,5,1,1,18,119.597574949265,0.333333333333333,168.262617554393
400,3,1,3,200,5,0.01,0,400,20,20,5,1,1,18,727.895662069321,0.33,481.049015523146
150,1,2,3,200,5,0.01,0,400,20,20,5,1,1,18,23.4977698326111,0.38,168.673850602591
400,1,2,3,200,5,0.01,0,400,20,20,5,1,1,18,144.79061293602,0.33,481.049015523146
150,2,2,3,200,5,0.01,0,400,20,20,5,1,1,18,23.9090960025787,0.0333333333333333,169.975000354591
400,2,2,3,200,5,0.01,0,400,20,20,5,1,1,18,148.554239988327,0.0225,480.50551897347
150,3,2,3,200,5,0.01,0,400,20,20,5,1,1,18,117.566372871399,0.333333333333333,168.262617554393
400,3,2,3,200,5,0.01,0,400,20,20,5,1,1,18,666.701904058456,0.33,481.049015523146
150,1,1,3,200,5,0.01,0,100,20,20,5,1,2,18,4.68249702453613,0.233333333333333,170.076660208134
400,1,1,3,200,5,0.01,0,100,20,20,5,1,2,18,25.6198949813843,0.33,481.049015523146
150,2,1,3,200,5,0.01,0,100,20,20,5,1,2,18,3.70010495185852,0.0133333333333333,170.237540498402
400,2,1,3,200,5,0.01,0,100,20,20,5,1,2,18,23.9878289699554,0.02,480.50891545591
150,3,1,3,200,5,0.01,0,100,20,20,5,1,2,18,18.3459618091583,0.38,168.673850602591
400,3,1,3,200,5,0.01,0,100,20,20,5,1,2,18,114.175326108932,0.33,481.049015523146
150,1,2,3,200,5,0.01,0,100,20,20,5,1,2,18,3.46672892570496,0.233333333333333,170.076660208134
400,1,2,3,200,5,0.01,0,100,20,20,5,1,2,18,35.1715378761292,0.33,481.049015523146
150,2,2,3,200,5,0.01,0,100,20,20,5,1,2,18,5.5337131023407,0.0133333333333333,170.237540498402
400,2,2,3,200,5,0.01,0,100,20,20,5,1,2,18,37.1691598892212,0.02,480.50891545591
150,3,2,3,200,5,0.01,0,100,20,20,5,1,2,18,29.5221300125122,0.38,168.673850602591
400,3,2,3,200,5,0.01,0,100,20,20,5,1,2,18,182.950533151627,0.33,481.049015523146
150,1,1,3,200,5,0.01,0,400,20,20,5,1,2,18,22.8629310131073,0.38,168.673850602591
400,1,1,3,200,5,0.01,0,400,20,20,5,1,2,18,144.101214885712,0.33,481.049015523146
150,2,1,3,200,5,0.01,0,400,20,20,5,1,2,18,23.5570411682129,0.0333333333333333,169.975000354591
400,2,1,3,200,5,0.01,0,400,20,20,5,1,2,18,146.248867988586,0.0225,480.50551897347
150,3,1,3,200,5,0.01,0,400,20,20,5,1,2,18,116.818401813507,0.333333333333333,168.262617554393
400,3,1,3,200,5,0.01,0,400,20,20,5,1,2,18,733.898989200592,0.33,481.049015523146
150,1,2,3,200,5,0.01,0,400,20,20,5,1,2,18,24.0611698627472,0.38,168.673850602591
400,1,2,3,200,5,0.01,0,400,20,20,5,1,2,18,147.668859958649,0.33,481.049015523146
150,2,2,3,200,5,0.01,0,400,20,20,5,1,2,18,23.8432562351227,0.0333333333333333,169.975000354591
400,2,2,3,200,5,0.01,0,400,20,20,5,1,2,18,146.442844152451,0.0225,480.50551897347
150,3,2,3,200,5,0.01,0,400,20,20,5,1,2,18,117.151257991791,0.333333333333333,168.262617554393
400,3,2,3,200,5,0.01,0,400,20,20,5,1,2,18,728.345394134521,0.33,481.049015523146
150,1,1,3,200,5,0.01,0,100,20,20,5,1,1,19,6.0358829498291,0.433333333333333,169.035576624855
400,1,1,3,200,5,0.01,0,100,20,20,5,1,1,19,38.224808216095,0.2925,483.650049391564
150,2,1,3,200,5,0.01,0,100,20,20,5,1,1,19,6.39545893669128,0.113333333333333,169.227542151569
400,2,1,3,200,5,0.01,0,100,20,20,5,1,1,19,39.3288960456848,0.0775,482.040291397249
150,3,1,3,200,5,0.01,0,100,20,20,5,1,1,19,30.1439580917358,0.433333333333333,167.710152546691
400,3,1,3,200,5,0.01,0,100,20,20,5,1,1,19,188.506012201309,0.195,482.94845288803
150,1,2,3,200,5,0.01,0,100,20,20,5,1,1,19,6.01292109489441,0.433333333333333,169.035576624855
400,1,2,3,200,5,0.01,0,100,20,20,5,1,1,19,37.5722651481628,0.2925,483.650049391564
150,2,2,3,200,5,0.01,0,100,20,20,5,1,1,19,6.32060503959656,0.113333333333333,169.227542151569
400,2,2,3,200,5,0.01,0,100,20,20,5,1,1,19,38.3765289783478,0.0775,482.040291397249
150,3,2,3,200,5,0.01,0,100,20,20,5,1,1,19,30.9233551025391,0.433333333333333,167.710152546691
400,3,2,3,200,5,0.01,0,100,20,20,5,1,1,19,190.151590108871,0.195,482.94845288803
150,1,1,3,200,5,0.01,0,400,20,20,5,1,1,19,25.0017139911652,0.413333333333333,168.815051464241
400,1,1,3,200,5,0.01,0,400,20,20,5,1,1,19,153.068450927734,0.195,482.94845288803
150,2,1,3,200,5,0.01,0,400,20,20,5,1,1,19,24.8870408535004,0.0533333333333333,168.909560885596
400,2,1,3,200,5,0.01,0,400,20,20,5,1,1,19,156.55491900444,0.05,481.969387234411
150,3,1,3,200,5,0.01,0,400,20,20,5,1,1,19,125.054303884506,0.386666666666667,167.651294172299
400,3,1,3,200,5,0.01,0,400,20,20,5,1,1,19,766.199733972549,0.345,481.330546847321
150,1,2,3,200,5,0.01,0,400,20,20,5,1,1,19,24.6478002071381,0.413333333333333,168.815051464241
400,1,2,3,200,5,0.01,0,400,20,20,5,1,1,19,152.808543920517,0.195,482.94845288803
150,2,2,3,200,5,0.01,0,400,20,20,5,1,1,19,26.2304508686066,0.0533333333333333,168.909560885596
400,2,2,3,200,5,0.01,0,400,20,20,5,1,1,19,157.185140132904,0.05,481.969387234411
150,3,2,3,200,5,0.01,0,400,20,20,5,1,1,19,123.153099060059,0.386666666666667,167.651294172299
400,3,2,3,200,5,0.01,0,400,20,20,5,1,1,19,763.362343788147,0.345,481.330546847321
150,1,1,3,200,5,0.01,0,100,20,20,5,1,2,19,6.33904790878296,0.433333333333333,169.035576624855
400,1,1,3,200,5,0.01,0,100,20,20,5,1,2,19,38.7759919166565,0.2925,483.650049391564
150,2,1,3,200,5,0.01,0,100,20,20,5,1,2,19,6.30116391181946,0.113333333333333,169.227542151569
400,2,1,3,200,5,0.01,0,100,20,20,5,1,2,19,39.2097070217133,0.0775,482.040291397249
150,3,1,3,200,5,0.01,0,100,20,20,5,1,2,19,30.3419110774994,0.433333333333333,167.710152546691
400,3,1,3,200,5,0.01,0,100,20,20,5,1,2,19,190.62174987793,0.195,482.94845288803
150,1,2,3,200,5,0.01,0,100,20,20,5,1,2,19,6.63376903533936,0.433333333333333,169.035576624855
400,1,2,3,200,5,0.01,0,100,20,20,5,1,2,19,38.8813989162445,0.2925,483.650049391564
150,2,2,3,200,5,0.01,0,100,20,20,5,1,2,19,6.36099100112915,0.113333333333333,169.227542151569
400,2,2,3,200,5,0.01,0,100,20,20,5,1,2,19,38.8487050533295,0.0775,482.040291397249
150,3,2,3,200,5,0.01,0,100,20,20,5,1,2,19,30.8959538936615,0.433333333333333,167.710152546691
400,3,2,3,200,5,0.01,0,100,20,20,5,1,2,19,188.02060008049,0.195,482.94845288803
150,1,1,3,200,5,0.01,0,400,20,20,5,1,2,19,24.3883450031281,0.413333333333333,168.815051464241
400,1,1,3,200,5,0.01,0,400,20,20,5,1,2,19,131.405746936798,0.195,482.94845288803
150,2,1,3,200,5,0.01,0,400,20,20,5,1,2,19,17.3810551166534,0.0533333333333333,168.909560885596
400,2,1,3,200,5,0.01,0,400,20,20,5,1,2,19,112.434560060501,0.05,481.969387234411
150,3,1,3,200,5,0.01,0,400,20,20,5,1,2,19,122.055391788483,0.386666666666667,167.651294172299
400,3,1,3,200,5,0.01,0,400,20,20,5,1,2,19,767.288352012634,0.345,481.330546847321
150,1,2,3,200,5,0.01,0,400,20,20,5,1,2,19,24.9229061603546,0.413333333333333,168.815051464241
400,1,2,3,200,5,0.01,0,400,20,20,5,1,2,19,154.336369037628,0.195,482.94845288803
150,2,2,3,200,5,0.01,0,400,20,20,5,1,2,19,24.7395720481873,0.0533333333333333,168.909560885596
400,2,2,3,200,5,0.01,0,400,20,20,5,1,2,19,154.131371974945,0.05,481.969387234411
150,3,2,3,200,5,0.01,0,400,20,20,5,1,2,19,126.560338973999,0.386666666666667,167.651294172299
400,3,2,3,200,5,0.01,0,400,20,20,5,1,2,19,765.909607887268,0.345,481.330546847321
150,1,1,3,200,5,0.01,0,100,20,20,5,1,1,20,6.20042300224304,0.366666666666667,166.497791888657
400,1,1,3,200,5,0.01,0,100,20,20,5,1,1,20,41.0742080211639,0.2125,480.200663332621
150,2,1,3,200,5,0.01,0,100,20,20,5,1,1,20,6.81577301025391,0.0266666666666667,168.136524214112
400,2,1,3,200,5,0.01,0,100,20,20,5,1,1,20,41.1949520111084,0.0475,478.127539080776
150,3,1,3,200,5,0.01,0,100,20,20,5,1,1,20,30.5084800720215,0.366666666666667,166.497791888657
400,3,1,3,200,5,0.01,0,100,20,20,5,1,1,20,193.660820960999,0.335,479.905352876983
150,1,2,3,200,5,0.01,0,100,20,20,5,1,1,20,6.14208221435547,0.366666666666667,166.497791888657
400,1,2,3,200,5,0.01,0,100,20,20,5,1,1,20,40.0419979095459,0.2125,480.200663332621
150,2,2,3,200,5,0.01,0,100,20,20,5,1,1,20,6.60186696052551,0.0266666666666667,168.136524214112
400,2,2,3,200,5,0.01,0,100,20,20,5,1,1,20,40.0395061969757,0.0475,478.127539080776
150,3,2,3,200,5,0.01,0,100,20,20,5,1,1,20,30.2939839363098,0.366666666666667,166.497791888657
400,3,2,3,200,5,0.01,0,100,20,20,5,1,1,20,190.363955974579,0.335,479.905352876983
150,1,1,3,200,5,0.01,0,400,20,20,5,1,1,20,23.8966808319092,0.366666666666667,166.497791888657
400,1,1,3,200,5,0.01,0,400,20,20,5,1,1,20,156.496472120285,0.335,479.905352876983
150,2,1,3,200,5,0.01,0,400,20,20,5,1,1,20,25.2520458698273,0.06,168.142606354695
400,2,1,3,200,5,0.01,0,400,20,20,5,1,1,20,160.144869804382,0.045,477.995529879514
150,3,1,3,200,5,0.01,0,400,20,20,5,1,1,20,120.472665071487,0.366666666666667,166.497791888657
400,3,1,3,200,5,0.01,0,400,20,20,5,1,1,20,773.040106058121,0.1,479.396086695386
150,1,2,3,200,5,0.01,0,400,20,20,5,1,1,20,24.8302338123322,0.366666666666667,166.497791888657
400,1,2,3,200,5,0.01,0,400,20,20,5,1,1,20,157.528649091721,0.335,479.905352876983
150,2,2,3,200,5,0.01,0,400,20,20,5,1,1,20,24.1437299251556,0.06,168.142606354695
400,2,2,3,200,5,0.01,0,400,20,20,5,1,1,20,156.501489162445,0.045,477.995529879514
150,3,2,3,200,5,0.01,0,400,20,20,5,1,1,20,121.06157708168,0.366666666666667,166.497791888657
400,3,2,3,200,5,0.01,0,400,20,20,5,1,1,20,773.9915599823,0.1,479.396086695386
150,1,1,3,200,5,0.01,0,100,20,20,5,1,2,20,6.45377588272095,0.366666666666667,166.497791888657
400,1,1,3,200,5,0.01,0,100,20,20,5,1,2,20,40.2041230201721,0.2125,480.200663332621
150,2,1,3,200,5,0.01,0,100,20,20,5,1,2,20,6.12216019630432,0.0266666666666667,168.136524214112
400,2,1,3,200,5,0.01,0,100,20,20,5,1,2,20,41.1629858016968,0.0475,478.127539080776
150,3,1,3,200,5,0.01,0,100,20,20,5,1,2,20,31.0046629905701,0.366666666666667,166.497791888657
400,3,1,3,200,5,0.01,0,100,20,20,5,1,2,20,194.2654941082,0.335,479.905352876983
150,1,2,3,200,5,0.01,0,100,20,20,5,1,2,20,6.38842415809631,0.366666666666667,166.497791888657
400,1,2,3,200,5,0.01,0,100,20,20,5,1,2,20,40.8712868690491,0.2125,480.200663332621
150,2,2,3,200,5,0.01,0,100,20,20,5,1,2,20,6.32109880447388,0.0266666666666667,168.136524214112
400,2,2,3,200,5,0.01,0,100,20,20,5,1,2,20,40.2893450260162,0.0475,478.127539080776
150,3,2,3,200,5,0.01,0,100,20,20,5,1,2,20,29.9006149768829,0.366666666666667,166.497791888657
400,3,2,3,200,5,0.01,0,100,20,20,5,1,2,20,192.475879192352,0.335,479.905352876983
150,1,1,3,200,5,0.01,0,400,20,20,5,1,2,20,24.433219909668,0.366666666666667,166.497791888657
400,1,1,3,200,5,0.01,0,400,20,20,5,1,2,20,156.841971874237,0.335,479.905352876983
150,2,1,3,200,5,0.01,0,400,20,20,5,1,2,20,25.0274181365967,0.06,168.142606354695
400,2,1,3,200,5,0.01,0,400,20,20,5,1,2,20,156.123916149139,0.045,477.995529879514
150,3,1,3,200,5,0.01,0,400,20,20,5,1,2,20,117.241640090942,0.366666666666667,166.497791888657
400,3,1,3,200,5,0.01,0,400,20,20,5,1,2,20,544.402436971664,0.1,479.396086695386
150,1,2,3,200,5,0.01,0,400,20,20,5,1,2,20,14.4813158512115,0.366666666666667,166.497791888657
400,1,2,3,200,5,0.01,0,400,20,20,5,1,2,20,93.7297778129578,0.335,479.905352876983
150,2,2,3,200,5,0.01,0,400,20,20,5,1,2,20,14.5128009319305,0.06,168.142606354695
400,2,2,3,200,5,0.01,0,400,20,20,5,1,2,20,88.4997651576996,0.045,477.995529879514
150,3,2,3,200,5,0.01,0,400,20,20,5,1,2,20,65.3656949996948,0.366666666666667,166.497791888657
400,3,2,3,200,5,0.01,0,400,20,20,5,1,2,20,427.820824146271,0.1,479.396086695386
